1,0.287170,1,1,3,2,30080,-12945,1726,-906,9852,-0.790100098,0.105346680,-0.055297852,0.601318359,0,67,0,2,111,205,190,6,118,252,124,38,117,128
1,0.287170,2,1,3,2,30080,-12945,1726,-906,9852,-0.790100098,0.105346680,-0.055297852,0.601318359,0,67,0,2,111,205,190,6,118,252,124,38,117,128
1,0.287170,3,0,0,0,0,0,0,0,0,0.000000000,0.000000000,0.000000000,0.000000000,0,0,0,0,0,0,0,0,0,0,0,0,0,0
1,0.287170,4,0,0,0,0,0,0,0,0,0.000000000,0.000000000,0.000000000,0.000000000,0,0,0,0,0,0,0,0,0,0,0,0,0,0
2,0.463220,1,0,0,0,0,0,0,0,0,0.000000000,0.000000000,0.000000000,0.000000000,0,0,0,0,0,0,0,0,0,0,0,0,0,0
2,0.463220,2,1,3,2,30080,-12945,1726,-906,9852,-0.790100098,0.105346680,-0.055297852,0.601318359,0,67,0,2,111,205,190,6,118,252,124,38,117,128
2,0.463220,3,0,0,0,0,0,0,0,0,0.000000000,0.000000000,0.000000000,0.000000000,0,0,0,0,0,0,0,0,0,0,0,0,0,0
2,0.463220,4,0,0,0,0,0,0,0,0,0.000000000,0.000000000,0.000000000,0.000000000,0,0,0,0,0,0,0,0,0,0,0,0,0,0
3,0.511189,1,0,0,0,0,0,0,0,0,0.000000000,0.000000000,0.000000000,0.000000000,0,0,0,0,0,0,0,0,0,0,0,0,0,0
3,0.511189,2,1,3,2,30080,-12945,1726,-906,9852,-0.790100098,0.105346680,-0.055297852,0.601318359,0,67,0,2,111,205,190,6,118,252,124,38,117,128
3,0.511189,3,0,0,0,0,0,0,0,0,0.000000000,0.000000000,0.000000000,0.000000000,0,0,0,0,0,0,0,0,0,0,0,0,0,0
3,0.511189,4,0,0,0,0,0,0,0,0,0.000000000,0.000000000,0.000000000,0.000000000,0,0,0,0,0,0,0,0,0,0,0,0,0,0
4,0.703178,1,0,0,0,0,0,0,0,0,0.000000000,0.000000000,0.000000000,0.000000000,0,0,0,0,0,0,0,0,0,0,0,0,0,0
4,0.703178,2,1,3,2,27478,-12943,1725,-907,9854,-0.789978027,0.105285645,-0.055358887,0.601440430,0,67,0,2,113,205,189,6,117,252,126,38,107,86
4,0.703178,3,0,0,0,0,0,0,0,0,0.000000000,0.000000000,0.000000000,0.000000000,0,0,0,0,0,0,0,0,0,0,0,0,0,0
4,0.703178,4,0,0,0,0,0,0,0,0,0.000000000,0.000000000,0.000000000,0.000000000,0,0,0,0,0,0,0,0,0,0,0,0,0,0
5,0.767202,1,0,0,0,0,0,0,0,0,0.000000000,0.000000000,0.000000000,0.000000000,0,0,0,0,0,0,0,0,0,0,0,0,0,0
5,0.767202,2,1,3,2,40846,-12943,1725,-907,9855,-0.789978027,0.105285645,-0.055358887,0.601501465,0,67,0,2,113,205,189,6,117,252,127,38,159,142
5,0.767202,3,0,0,0,0,0,0,0,0,0.000000000,0.000000000,0.000000000,0.000000000,0,0,0,0,0,0,0,0,0,0,0,0,0,0
5,0.767202,4,0,0,0,0,0,0,0,0,0.000000000,0.000000000,0.000000000,0.000000000,0,0,0,0,0,0,0,0,0,0,0,0,0,0
6,0.815158,1,0,0,0,0,0,0,0,0,0.000000000,0.000000000,0.000000000,0.000000000,0,0,0,0,0,0,0,0,0,0,0,0,0,0
6,0.815158,2,1,3,3,64390,-12943,1725,-907,9854,-0.789978027,0.105285645,-0.055358887,0.601440430,0,67,0,3,113,205,189,6,117,252,126,38,251,134
6,0.815158,3,0,0,0,0,0,0,0,0,0.000000000,0.000000000,0.000000000,0.000000000,0,0,0,0,0,0,0,0,0,0,0,0,0,0
6,0.815158,4,0,0,0,0,0,0,0,0,0.000000000,0.000000000,0.000000000,0.000000000,0,0,0,0,0,0,0,0,0,0,0,0,0,0
7,0.863206,1,0,0,0,0,0,0,0,0,0.000000000,0.000000000,0.000000000,0.000000000,0,0,0,0,0,0,0,0,0,0,0,0,0,0
7,0.863206,2,1,3,1,59203,-12943,1725,-907,9854,-0.789978027,0.105285645,-0.055358887,0.601440430,0,67,0,1,113,205,189,6,117,252,126,38,231,67
7,0.863206,3,0,0,0,0,0,0,0,0,0.000000000,0.000000000,0.000000000,0.000000000,0,0,0,0,0,0,0,0,0,0,0,0,0,0
7,0.863206,4,0,0,0,0,0,0,0,0,0.000000000,0.000000000,0.000000000,0.000000000,0,0,0,0,0,0,0,0,0,0,0,0,0,0
8,0.911144,1,0,0,0,0,0,0,0,0,0.000000000,0.000000000,0.000000000,0.000000000,0,0,0,0,0,0,0,0,0,0,0,0,0,0
8,0.911144,2,1,3,1,5450,-12944,1726,-907,9854,-0.790039062,0.105346680,-0.055358887,0.601440430,0,67,0,1,112,205,190,6,117,252,126,38,21,74
8,0.911144,3,0,0,0,0,0,0,0,0,0.000000000,0.000000000,0.000000000,0.000000000,0,0,0,0,0,0,0,0,0,0,0,0,0,0
8,0.911144,4,0,0,0,0,0,0,0,0,0.000000000,0.000000000,0.000000000,0.000000000,0,0,0,0,0,0,0,0,0,0,0,0,0,0
9,0.975161,1,0,0,0,0,0,0,0,0,0.000000000,0.000000000,0.000000000,0.000000000,0,0,0,0,0,0,0,0,0,0,0,0,0,0
9,0.975161,2,1,3,3,2447,-12944,1726,-907,9854,-0.790039062,0.105346680,-0.055358887,0.601440430,0,67,0,3,112,205,190,6,117,252,126,38,9,143
9,0.975161,3,0,0,0,0,0,0,0,0,0.000000000,0.000000000,0.000000000,0.000000000,0,0,0,0,0,0,0,0,0,0,0,0,0,0
9,0.975161,4,0,0,0,0,0,0,0,0,0.000000000,0.000000000,0.000000000,0.000000000,0,0,0,0,0,0,0,0,0,0,0,0,0,0
10,1.039177,1,0,0,0,0,0,0,0,0,0.000000000,0.000000000,0.000000000,0.000000000,0,0,0,0,0,0,0,0,0,0,0,0,0,0
10,1.039177,2,1,3,2,47442,-12944,1726,-907,9853,-0.790039062,0.105346680,-0.055358887,0.601379395,0,67,0,2,112,205,190,6,117,252,125,38,185,82
10,1.039177,3,0,0,0,0,0,0,0,0,0.000000000,0.000000000,0.000000000,0.000000000,0,0,0,0,0,0,0,0,0,0,0,0,0,0
10,1.039177,4,0,0,0,0,0,0,0,0,0.000000000,0.000000000,0.000000000,0.000000000,0,0,0,0,0,0,0,0,0,0,0,0,0,0
11,1.087192,1,0,0,0,0,0,0,0,0,0.000000000,0.000000000,0.000000000,0.000000000,0,0,0,0,0,0,0,0,0,0,0,0,0,0
11,1.087192,2,1,3,2,47442,-12944,1726,-907,9853,-0.790039062,0.105346680,-0.055358887,0.601379395,0,67,0,2,112,205,190,6,117,252,125,38,185,82
11,1.087192,3,0,0,0,0,0,0,0,0,0.000000000,0.000000000,0.000000000,0.000000000,0,0,0,0,0,0,0,0,0,0,0,0,0,0
11,1.087192,4,0,0,0,0,0,0,0,0,0.000000000,0.000000000,0.000000000,0.000000000,0,0,0,0,0,0,0,0,0,0,0,0,0,0
12,1.135205,1,0,0,0,0,0,0,0,0,0.000000000,0.000000000,0.000000000,0.000000000,0,0,0,0,0,0,0,0,0,0,0,0,0,0
12,1.135205,2,1,3,1,13639,-12944,1726,-907,9853,-0.790039062,0.105346680,-0.055358887,0.601379395,0,67,0,1,112,205,190,6,117,252,125,38,53,71
12,1.135205,3,0,0,0,0,0,0,0,0,0.000000000,0.000000000,0.000000000,0.000000000,0,0,0,0,0,0,0,0,0,0,0,0,0,0
12,1.135205,4,0,0,0,0,0,0,0,0,0.000000000,0.000000000,0.000000000,0.000000000,0,0,0,0,0,0,0,0,0,0,0,0,0,0
13,1.183184,1,0,0,0,0,0,0,0,0,0.000000000,0.000000000,0.000000000,0.000000000,0,0,0,0,0,0,0,0,0,0,0,0,0,0
13,1.183184,2,1,3,2,39263,-12944,1726,-907,9854,-0.790039062,0.105346680,-0.055358887,0.601440430,0,67,0,2,112,205,190,6,117,252,126,38,153,95
13,1.183184,3,0,0,0,0,0,0,0,0,0.000000000,0.000000000,0.000000000,0.000000000,0,0,0,0,0,0,0,0,0,0,0,0,0,0
13,1.183184,4,0,0,0,0,0,0,0,0,0.000000000,0.000000000,0.000000000,0.000000000,0,0,0,0,0,0,0,0,0,0,0,0,0,0
14,1.231185,1,0,0,0,0,0,0,0,0,0.000000000,0.000000000,0.000000000,0.000000000,0,0,0,0,0,0,0,0,0,0,0,0,0,0
14,1.231185,2,1,3,2,27478,-12943,1725,-907,9854,-0.789978027,0.105285645,-0.055358887,0.601440430,0,67,0,2,113,205,189,6,117,252,126,38,107,86
14,1.231185,3,0,0,0,0,0,0,0,0,0.000000000,0.000000000,0.000000000,0.000000000,0,0,0,0,0,0,0,0,0,0,0,0,0,0
14,1.231185,4,0,0,0,0,0,0,0,0,0.000000000,0.000000000,0.000000000,0.000000000,0,0,0,0,0,0,0,0,0,0,0,0,0,0
15,1.279163,1,0,0,0,0,0,0,0,0,0.000000000,0.000000000,0.000000000,0.000000000,0,0,0,0,0,0,0,0,0,0,0,0,0,0
15,1.279163,2,1,3,3,62950,-12943,1724,-908,9855,-0.789978027,0.105224609,-0.055419922,0.601501465,0,67,0,3,113,205,188,6,116,252,127,38,245,230
15,1.279163,3,0,0,0,0,0,0,0,0,0.000000000,0.000000000,0.000000000,0.000000000,0,0,0,0,0,0,0,0,0,0,0,0,0,0
15,1.279163,4,0,0,0,0,0,0,0,0,0.000000000,0.000000000,0.000000000,0.000000000,0,0,0,0,0,0,0,0,0,0,0,0,0,0
16,1.327146,1,0,0,0,0,0,0,0,0,0.000000000,0.000000000,0.000000000,0.000000000,0,0,0,0,0,0,0,0,0,0,0,0,0,0
16,1.327146,2,1,3,1,18611,-12943,1724,-909,9855,-0.789978027,0.105224609,-0.055480957,0.601501465,0,67,0,1,113,205,188,6,115,252,127,38,72,179
16,1.327146,3,0,0,0,0,0,0,0,0,0.000000000,0.000000000,0.000000000,0.000000000,0,0,0,0,0,0,0,0,0,0,0,0,0,0
16,1.327146,4,0,0,0,0,0,0,0,0,0.000000000,0.000000000,0.000000000,0.000000000,0,0,0,0,0,0,0,0,0,0,0,0,0,0
17,1.375194,1,0,0,0,0,0,0,0,0,0.000000000,0.000000000,0.000000000,0.000000000,0,0,0,0,0,0,0,0,0,0,0,0,0,0
17,1.375194,2,1,3,1,18611,-12943,1724,-909,9855,-0.789978027,0.105224609,-0.055480957,0.601501465,0,67,0,1,113,205,188,6,115,252,127,38,72,179
17,1.375194,3,0,0,0,0,0,0,0,0,0.000000000,0.000000000,0.000000000,0.000000000,0,0,0,0,0,0,0,0,0,0,0,0,0,0
17,1.375194,4,0,0,0,0,0,0,0,0,0.000000000,0.000000000,0.000000000,0.000000000,0,0,0,0,0,0,0,0,0,0,0,0,0,0
18,1.423209,1,0,0,0,0,0,0,0,0,0.000000000,0.000000000,0.000000000,0.000000000,0,0,0,0,0,0,0,0,0,0,0,0,0,0
18,1.423209,2,1,3,2,49636,-12943,1723,-910,9855,-0.789978027,0.105163574,-0.055541992,0.601501465,0,67,0,2,113,205,187,6,114,252,127,38,193,228
18,1.423209,3,0,0,0,0,0,0,0,0,0.000000000,0.000000000,0.000000000,0.000000000,0,0,0,0,0,0,0,0,0,0,0,0,0,0
18,1.423209,4,0,0,0,0,0,0,0,0,0.000000000,0.000000000,0.000000000,0.000000000,0,0,0,0,0,0,0,0,0,0,0,0,0,0
19,1.487119,1,0,0,0,0,0,0,0,0,0.000000000,0.000000000,0.000000000,0.000000000,0,0,0,0,0,0,0,0,0,0,0,0,0,0
19,1.487119,2,1,3,2,13628,-12943,1723,-910,9854,-0.789978027,0.105163574,-0.055541992,0.601440430,0,67,0,2,113,205,187,6,114,252,126,38,53,60
19,1.487119,3,0,0,0,0,0,0,0,0,0.000000000,0.000000000,0.000000000,0.000000000,0,0,0,0,0,0,0,0,0,0,0,0,0,0
19,1.487119,4,0,0,0,0,0,0,0,0,0.000000000,0.000000000,0.000000000,0.000000000,0,0,0,0,0,0,0,0,0,0,0,0,0,0
20,1.551120,1,0,0,0,0,0,0,0,0,0.000000000,0.000000000,0.000000000,0.000000000,0,0,0,0,0,0,0,0,0,0,0,0,0,0
20,1.551120,2,1,3,2,47304,-12944,1723,-910,9854,-0.790039062,0.105163574,-0.055541992,0.601440430,0,67,0,2,112,205,187,6,114,252,126,38,184,200
20,1.551120,3,0,0,0,0,0,0,0,0,0.000000000,0.000000000,0.000000000,0.000000000,0,0,0,0,0,0,0,0,0,0,0,0,0,0
20,1.551120,4,0,0,0,0,0,0,0,0,0.000000000,0.000000000,0.000000000,0.000000000,0,0,0,0,0,0,0,0,0,0,0,0,0,0
21,1.615124,1,0,0,0,0,0,0,0,0,0.000000000,0.000000000,0.000000000,0.000000000,0,0,0,0,0,0,0,0,0,0,0,0,0,0
21,1.615124,2,1,3,2,54677,-12944,1723,-911,9853,-0.790039062,0.105163574,-0.055603027,0.601379395,0,67,0,2,112,205,187,6,113,252,125,38,213,149
21,1.615124,3,0,0,0,0,0,0,0,0,0.000000000,0.000000000,0.000000000,0.000000000,0,0,0,0,0,0,0,0,0,0,0,0,0,0
21,1.615124,4,0,0,0,0,0,0,0,0,0.000000000,0.000000000,0.000000000,0.000000000,0,0,0,0,0,0,0,0,0,0,0,0,0,0
22,1.663096,1,0,0,0,0,0,0,0,0,0.000000000,0.000000000,0.000000000,0.000000000,0,0,0,0,0,0,0,0,0,0,0,0,0,0
22,1.663096,2,1,3,3,33997,-12944,1722,-911,9853,-0.790039062,0.105102539,-0.055603027,0.601379395,0,67,0,3,112,205,186,6,113,252,125,38,132,205
22,1.663096,3,0,0,0,0,0,0,0,0,0.000000000,0.000000000,0.000000000,0.000000000,0,0,0,0,0,0,0,0,0,0,0,0,0,0
22,1.663096,4,0,0,0,0,0,0,0,0,0.000000000,0.000000000,0.000000000,0.000000000,0,0,0,0,0,0,0,0,0,0,0,0,0,0
23,1.711127,1,0,0,0,0,0,0,0,0,0.000000000,0.000000000,0.000000000,0.000000000,0,0,0,0,0,0,0,0,0,0,0,0,0,0
23,1.711127,2,1,3,3,17733,-12944,1723,-911,9853,-0.790039062,0.105163574,-0.055603027,0.601379395,0,67,0,3,112,205,187,6,113,252,125,38,69,69
23,1.711127,3,0,0,0,0,0,0,0,0,0.000000000,0.000000000,0.000000000,0.000000000,0,0,0,0,0,0,0,0,0,0,0,0,0,0
23,1.711127,4,0,0,0,0,0,0,0,0,0.000000000,0.000000000,0.000000000,0.000000000,0,0,0,0,0,0,0,0,0,0,0,0,0,0
24,1.759125,1,0,0,0,0,0,0,0,0,0.000000000,0.000000000,0.000000000,0.000000000,0,0,0,0,0,0,0,0,0,0,0,0,0,0
24,1.759125,2,1,3,2,60831,-12945,1723,-910,9853,-0.790100098,0.105163574,-0.055541992,0.601379395,0,67,0,2,111,205,187,6,114,252,125,38,237,159
24,1.759125,3,0,0,0,0,0,0,0,0,0.000000000,0.000000000,0.000000000,0.000000000,0,0,0,0,0,0,0,0,0,0,0,0,0,0
24,1.759125,4,0,0,0,0,0,0,0,0,0.000000000,0.000000000,0.000000000,0.000000000,0,0,0,0,0,0,0,0,0,0,0,0,0,0
25,1.823155,1,0,0,0,0,0,0,0,0,0.000000000,0.000000000,0.000000000,0.000000000,0,0,0,0,0,0,0,0,0,0,0,0,0,0
25,1.823155,2,1,3,3,32079,-12945,1723,-910,9853,-0.790100098,0.105163574,-0.055541992,0.601379395,0,67,0,3,111,205,187,6,114,252,125,38,125,79
25,1.823155,3,0,0,0,0,0,0,0,0,0.000000000,0.000000000,0.000000000,0.000000000,0,0,0,0,0,0,0,0,0,0,0,0,0,0
25,1.823155,4,0,0,0,0,0,0,0,0,0.000000000,0.000000000,0.000000000,0.000000000,0,0,0,0,0,0,0,0,0,0,0,0,0,0
26,1.887108,1,0,0,0,0,0,0,0,0,0.000000000,0.000000000,0.000000000,0.000000000,0,0,0,0,0,0,0,0,0,0,0,0,0,0
26,1.887108,2,1,3,2,6471,-12945,1723,-910,9852,-0.790100098,0.105163574,-0.055541992,0.601318359,0,67,0,2,111,205,187,6,114,252,124,38,25,71
26,1.887108,3,0,0,0,0,0,0,0,0,0.000000000,0.000000000,0.000000000,0.000000000,0,0,0,0,0,0,0,0,0,0,0,0,0,0
26,1.887108,4,0,0,0,0,0,0,0,0,0.000000000,0.000000000,0.000000000,0.000000000,0,0,0,0,0,0,0,0,0,0,0,0,0,0
27,1.951083,1,0,0,0,0,0,0,0,0,0.000000000,0.000000000,0.000000000,0.000000000,0,0,0,0,0,0,0,0,0,0,0,0,0,0
27,1.951083,2,1,3,3,50375,-12945,1723,-911,9852,-0.790100098,0.105163574,-0.055603027,0.601318359,0,67,0,3,111,205,187,6,113,252,124,38,196,199
27,1.951083,3,0,0,0,0,0,0,0,0,0.000000000,0.000000000,0.000000000,0.000000000,0,0,0,0,0,0,0,0,0,0,0,0,0,0
27,1.951083,4,0,0,0,0,0,0,0,0,0.000000000,0.000000000,0.000000000,0.000000000,0,0,0,0,0,0,0,0,0,0,0,0,0,0
28,2.015085,1,0,0,0,0,0,0,0,0,0.000000000,0.000000000,0.000000000,0.000000000,0,0,0,0,0,0,0,0,0,0,0,0,0,0
28,2.015085,2,1,3,2,38303,-12945,1722,-911,9852,-0.790100098,0.105102539,-0.055603027,0.601318359,0,67,0,2,111,205,186,6,113,252,124,38,149,159
28,2.015085,3,0,0,0,0,0,0,0,0,0.000000000,0.000000000,0.000000000,0.000000000,0,0,0,0,0,0,0,0,0,0,0,0,0,0
28,2.015085,4,0,0,0,0,0,0,0,0,0.000000000,0.000000000,0.000000000,0.000000000,0,0,0,0,0,0,0,0,0,0,0,0,0,0
29,2.063088,1,0,0,0,0,0,0,0,0,0.000000000,0.000000000,0.000000000,0.000000000,0,0,0,0,0,0,0,0,0,0,0,0,0,0
29,2.063088,2,1,3,2,38303,-12945,1722,-911,9852,-0.790100098,0.105102539,-0.055603027,0.601318359,0,67,0,2,111,205,186,6,113,252,124,38,149,159
29,2.063088,3,0,0,0,0,0,0,0,0,0.000000000,0.000000000,0.000000000,0.000000000,0,0,0,0,0,0,0,0,0,0,0,0,0,0
29,2.063088,4,0,0,0,0,0,0,0,0,0.000000000,0.000000000,0.000000000,0.000000000,0,0,0,0,0,0,0,0,0,0,0,0,0,0
30,2.111085,1,0,0,0,0,0,0,0,0,0.000000000,0.000000000,0.000000000,0.000000000,0,0,0,0,0,0,0,0,0,0,0,0,0,0
30,2.111085,2,1,3,1,6538,-12945,1722,-911,9852,-0.790100098,0.105102539,-0.055603027,0.601318359,0,67,0,1,111,205,186,6,113,252,124,38,25,138
30,2.111085,3,0,0,0,0,0,0,0,0,0.000000000,0.000000000,0.000000000,0.000000000,0,0,0,0,0,0,0,0,0,0,0,0,0,0
30,2.111085,4,0,0,0,0,0,0,0,0,0.000000000,0.000000000,0.000000000,0.000000000,0,0,0,0,0,0,0,0,0,0,0,0,0,0
31,2.159074,1,0,0,0,0,0,0,0,0,0.000000000,0.000000000,0.000000000,0.000000000,0,0,0,0,0,0,0,0,0,0,0,0,0,0
31,2.159074,2,1,3,2,38303,-12945,1722,-911,9852,-0.790100098,0.105102539,-0.055603027,0.601318359,0,67,0,2,111,205,186,6,113,252,124,38,149,159
31,2.159074,3,0,0,0,0,0,0,0,0,0.000000000,0.000000000,0.000000000,0.000000000,0,0,0,0,0,0,0,0,0,0,0,0,0,0
31,2.159074,4,0,0,0,0,0,0,0,0,0.000000000,0.000000000,0.000000000,0.000000000,0,0,0,0,0,0,0,0,0,0,0,0,0,0
32,2.207069,1,0,0,0,0,0,0,0,0,0.000000000,0.000000000,0.000000000,0.000000000,0,0,0,0,0,0,0,0,0,0,0,0,0,0
32,2.207069,2,1,3,2,38303,-12945,1722,-911,9852,-0.790100098,0.105102539,-0.055603027,0.601318359,0,67,0,2,111,205,186,6,113,252,124,38,149,159
32,2.207069,3,0,0,0,0,0,0,0,0,0.000000000,0.000000000,0.000000000,0.000000000,0,0,0,0,0,0,0,0,0,0,0,0,0,0
32,2.207069,4,0,0,0,0,0,0,0,0,0.000000000,0.000000000,0.000000000,0.000000000,0,0,0,0,0,0,0,0,0,0,0,0,0,0
33,2.255072,1,0,0,0,0,0,0,0,0,0.000000000,0.000000000,0.000000000,0.000000000,0,0,0,0,0,0,0,0,0,0,0,0,0,0
33,2.255072,2,1,3,2,38303,-12945,1722,-911,9852,-0.790100098,0.105102539,-0.055603027,0.601318359,0,67,0,2,111,205,186,6,113,252,124,38,149,159
33,2.255072,3,0,0,0,0,0,0,0,0,0.000000000,0.000000000,0.000000000,0.000000000,0,0,0,0,0,0,0,0,0,0,0,0,0,0
33,2.255072,4,0,0,0,0,0,0,0,0,0.000000000,0.000000000,0.000000000,0.000000000,0,0,0,0,0,0,0,0,0,0,0,0,0,0
34,2.303067,1,0,0,0,0,0,0,0,0,0.000000000,0.000000000,0.000000000,0.000000000,0,0,0,0,0,0,0,0,0,0,0,0,0,0
34,2.303067,2,1,3,2,38303,-12945,1722,-911,9852,-0.790100098,0.105102539,-0.055603027,0.601318359,0,67,0,2,111,205,186,6,113,252,124,38,149,159
34,2.303067,3,0,0,0,0,0,0,0,0,0.000000000,0.000000000,0.000000000,0.000000000,0,0,0,0,0,0,0,0,0,0,0,0,0,0
34,2.303067,4,0,0,0,0,0,0,0,0,0.000000000,0.000000000,0.000000000,0.000000000,0,0,0,0,0,0,0,0,0,0,0,0,0,0
35,2.351210,1,0,0,0,0,0,0,0,0,0.000000000,0.000000000,0.000000000,0.000000000,0,0,0,0,0,0,0,0,0,0,0,0,0,0
35,2.351210,2,1,3,3,1359,-12945,1722,-911,9852,-0.790100098,0.105102539,-0.055603027,0.601318359,0,67,0,3,111,205,186,6,113,252,124,38,5,79
35,2.351210,3,0,0,0,0,0,0,0,0,0.000000000,0.000000000,0.000000000,0.000000000,0,0,0,0,0,0,0,0,0,0,0,0,0,0
35,2.351210,4,0,0,0,0,0,0,0,0,0.000000000,0.000000000,0.000000000,0.000000000,0,0,0,0,0,0,0,0,0,0,0,0,0,0
36,2.415070,1,0,0,0,0,0,0,0,0,0.000000000,0.000000000,0.000000000,0.000000000,0,0,0,0,0,0,0,0,0,0,0,0,0,0
36,2.415070,2,1,3,4,45264,-12945,1722,-911,9852,-0.790100098,0.105102539,-0.055603027,0.601318359,0,67,0,4,111,205,186,6,113,252,124,38,176,208
36,2.415070,3,0,0,0,0,0,0,0,0,0.000000000,0.000000000,0.000000000,0.000000000,0,0,0,0,0,0,0,0,0,0,0,0,0,0
36,2.415070,4,0,0,0,0,0,0,0,0,0.000000000,0.000000000,0.000000000,0.000000000,0,0,0,0,0,0,0,0,0,0,0,0,0,0
37,2.463077,1,0,0,0,0,0,0,0,0,0.000000000,0.000000000,0.000000000,0.000000000,0,0,0,0,0,0,0,0,0,0,0,0,0,0
37,2.463077,2,1,3,2,38303,-12945,1722,-911,9852,-0.790100098,0.105102539,-0.055603027,0.601318359,0,67,0,2,111,205,186,6,113,252,124,38,149,159
37,2.463077,3,0,0,0,0,0,0,0,0,0.000000000,0.000000000,0.000000000,0.000000000,0,0,0,0,0,0,0,0,0,0,0,0,0,0
37,2.463077,4,0,0,0,0,0,0,0,0,0.000000000,0.000000000,0.000000000,0.000000000,0,0,0,0,0,0,0,0,0,0,0,0,0,0
38,2.511067,1,0,0,0,0,0,0,0,0,0.000000000,0.000000000,0.000000000,0.000000000,0,0,0,0,0,0,0,0,0,0,0,0,0,0
38,2.511067,2,1,3,2,38303,-12945,1722,-911,9852,-0.790100098,0.105102539,-0.055603027,0.601318359,0,67,0,2,111,205,186,6,113,252,124,38,149,159
38,2.511067,3,0,0,0,0,0,0,0,0,0.000000000,0.000000000,0.000000000,0.000000000,0,0,0,0,0,0,0,0,0,0,0,0,0,0
38,2.511067,4,0,0,0,0,0,0,0,0,0.000000000,0.000000000,0.000000000,0.000000000,0,0,0,0,0,0,0,0,0,0,0,0,0,0
39,2.559068,1,0,0,0,0,0,0,0,0,0.000000000,0.000000000,0.000000000,0.000000000,0,0,0,0,0,0,0,0,0,0,0,0,0,0
39,2.559068,2,1,3,2,44719,-12945,1722,-912,9852,-0.790100098,0.105102539,-0.055664062,0.601318359,0,67,0,2,111,205,186,6,112,252,124,38,174,175
39,2.559068,3,0,0,0,0,0,0,0,0,0.000000000,0.000000000,0.000000000,0.000000000,0,0,0,0,0,0,0,0,0,0,0,0,0,0
39,2.559068,4,0,0,0,0,0,0,0,0,0.000000000,0.000000000,0.000000000,0.000000000,0,0,0,0,0,0,0,0,0,0,0,0,0,0
40,2.607055,1,0,0,0,0,0,0,0,0,0.000000000,0.000000000,0.000000000,0.000000000,0,0,0,0,0,0,0,0,0,0,0,0,0,0
40,2.607055,2,1,3,2,44719,-12945,1722,-912,9852,-0.790100098,0.105102539,-0.055664062,0.601318359,0,67,0,2,111,205,186,6,112,252,124,38,174,175
40,2.607055,3,0,0,0,0,0,0,0,0,0.000000000,0.000000000,0.000000000,0.000000000,0,0,0,0,0,0,0,0,0,0,0,0,0,0
40,2.607055,4,0,0,0,0,0,0,0,0,0.000000000,0.000000000,0.000000000,0.000000000,0,0,0,0,0,0,0,0,0,0,0,0,0,0
41,2.655041,1,0,0,0,0,0,0,0,0,0.000000000,0.000000000,0.000000000,0.000000000,0,0,0,0,0,0,0,0,0,0,0,0,0,0
41,2.655041,2,1,3,3,15999,-12945,1722,-912,9852,-0.790100098,0.105102539,-0.055664062,0.601318359,0,67,0,3,111,205,186,6,112,252,124,38,62,127
41,2.655041,3,0,0,0,0,0,0,0,0,0.000000000,0.000000000,0.000000000,0.000000000,0,0,0,0,0,0,0,0,0,0,0,0,0,0
41,2.655041,4,0,0,0,0,0,0,0,0,0.000000000,0.000000000,0.000000000,0.000000000,0,0,0,0,0,0,0,0,0,0,0,0,0,0
42,2.703034,1,0,0,0,0,0,0,0,0,0.000000000,0.000000000,0.000000000,0.000000000,0,0,0,0,0,0,0,0,0,0,0,0,0,0
42,2.703034,2,1,3,1,8890,-12945,1722,-912,9852,-0.790100098,0.105102539,-0.055664062,0.601318359,0,67,0,1,111,205,186,6,112,252,124,38,34,186
42,2.703034,3,0,0,0,0,0,0,0,0,0.000000000,0.000000000,0.000000000,0.000000000,0,0,0,0,0,0,0,0,0,0,0,0,0,0
42,2.703034,4,0,0,0,0,0,0,0,0,0.000000000,0.000000000,0.000000000,0.000000000,0,0,0,0,0,0,0,0,0,0,0,0,0,0
43,2.751049,1,0,0,0,0,0,0,0,0,0.000000000,0.000000000,0.000000000,0.000000000,0,0,0,0,0,0,0,0,0,0,0,0,0,0
43,2.751049,2,1,3,3,15999,-12945,1722,-912,9852,-0.790100098,0.105102539,-0.055664062,0.601318359,0,67,0,3,111,205,186,6,112,252,124,38,62,127
43,2.751049,3,0,0,0,0,0,0,0,0,0.000000000,0.000000000,0.000000000,0.000000000,0,0,0,0,0,0,0,0,0,0,0,0,0,0
43,2.751049,4,0,0,0,0,0,0,0,0,0.000000000,0.000000000,0.000000000,0.000000000,0,0,0,0,0,0,0,0,0,0,0,0,0,0
44,2.799042,1,0,0,0,0,0,0,0,0,0.000000000,0.000000000,0.000000000,0.000000000,0,0,0,0,0,0,0,0,0,0,0,0,0,0
44,2.799042,2,1,3,2,44719,-12945,1722,-912,9852,-0.790100098,0.105102539,-0.055664062,0.601318359,0,67,0,2,111,205,186,6,112,252,124,38,174,175
44,2.799042,3,0,0,0,0,0,0,0,0,0.000000000,0.000000000,0.000000000,0.000000000,0,0,0,0,0,0,0,0,0,0,0,0,0,0
44,2.799042,4,0,0,0,0,0,0,0,0,0.000000000,0.000000000,0.000000000,0.000000000,0,0,0,0,0,0,0,0,0,0,0,0,0,0
45,2.847056,1,0,0,0,0,0,0,0,0,0.000000000,0.000000000,0.000000000,0.000000000,0,0,0,0,0,0,0,0,0,0,0,0,0,0
45,2.847056,2,1,3,2,44719,-12945,1722,-912,9852,-0.790100098,0.105102539,-0.055664062,0.601318359,0,67,0,2,111,205,186,6,112,252,124,38,174,175
45,2.847056,3,0,0,0,0,0,0,0,0,0.000000000,0.000000000,0.000000000,0.000000000,0,0,0,0,0,0,0,0,0,0,0,0,0,0
45,2.847056,4,0,0,0,0,0,0,0,0,0.000000000,0.000000000,0.000000000,0.000000000,0,0,0,0,0,0,0,0,0,0,0,0,0,0
46,2.895035,1,0,0,0,0,0,0,0,0,0.000000000,0.000000000,0.000000000,0.000000000,0,0,0,0,0,0,0,0,0,0,0,0,0,0
46,2.895035,2,1,3,2,44719,-12945,1722,-912,9852,-0.790100098,0.105102539,-0.055664062,0.601318359,0,67,0,2,111,205,186,6,112,252,124,38,174,175
46,2.895035,3,0,0,0,0,0,0,0,0,0.000000000,0.000000000,0.000000000,0.000000000,0,0,0,0,0,0,0,0,0,0,0,0,0,0
46,2.895035,4,0,0,0,0,0,0,0,0,0.000000000,0.000000000,0.000000000,0.000000000,0,0,0,0,0,0,0,0,0,0,0,0,0,0
47,2.943060,1,0,0,0,0,0,0,0,0,0.000000000,0.000000000,0.000000000,0.000000000,0,0,0,0,0,0,0,0,0,0,0,0,0,0
47,2.943060,2,1,3,2,8076,-12947,1709,-902,9852,-0.790222168,0.104309082,-0.055053711,0.601318359,0,67,0,2,109,205,173,6,122,252,124,38,31,140
47,2.943060,3,0,0,0,0,0,0,0,0,0.000000000,0.000000000,0.000000000,0.000000000,0,0,0,0,0,0,0,0,0,0,0,0,0,0
47,2.943060,4,0,0,0,0,0,0,0,0,0.000000000,0.000000000,0.000000000,0.000000000,0,0,0,0,0,0,0,0,0,0,0,0,0,0
48,2.991044,1,0,0,0,0,0,0,0,0,0.000000000,0.000000000,0.000000000,0.000000000,0,0,0,0,0,0,0,0,0,0,0,0,0,0
48,2.991044,2,1,3,2,8076,-12947,1709,-902,9852,-0.790222168,0.104309082,-0.055053711,0.601318359,0,67,0,2,109,205,173,6,122,252,124,38,31,140
48,2.991044,3,0,0,0,0,0,0,0,0,0.000000000,0.000000000,0.000000000,0.000000000,0,0,0,0,0,0,0,0,0,0,0,0,0,0
48,2.991044,4,0,0,0,0,0,0,0,0,0.000000000,0.000000000,0.000000000,0.000000000,0,0,0,0,0,0,0,0,0,0,0,0,0,0
49,3.039028,1,0,0,0,0,0,0,0,0,0.000000000,0.000000000,0.000000000,0.000000000,0,0,0,0,0,0,0,0,0,0,0,0,0,0
49,3.039028,2,1,3,2,8076,-12947,1709,-902,9852,-0.790222168,0.104309082,-0.055053711,0.601318359,0,67,0,2,109,205,173,6,122,252,124,38,31,140
49,3.039028,3,0,0,0,0,0,0,0,0,0.000000000,0.000000000,0.000000000,0.000000000,0,0,0,0,0,0,0,0,0,0,0,0,0,0
49,3.039028,4,0,0,0,0,0,0,0,0,0.000000000,0.000000000,0.000000000,0.000000000,0,0,0,0,0,0,0,0,0,0,0,0,0,0
50,3.087040,1,0,0,0,0,0,0,0,0,0.000000000,0.000000000,0.000000000,0.000000000,0,0,0,0,0,0,0,0,0,0,0,0,0,0
50,3.087040,2,1,3,1,37785,-12947,1709,-902,9852,-0.790222168,0.104309082,-0.055053711,0.601318359,0,67,0,1,109,205,173,6,122,252,124,38,147,153
50,3.087040,3,0,0,0,0,0,0,0,0,0.000000000,0.000000000,0.000000000,0.000000000,0,0,0,0,0,0,0,0,0,0,0,0,0,0
50,3.087040,4,0,0,0,0,0,0,0,0,0.000000000,0.000000000,0.000000000,0.000000000,0,0,0,0,0,0,0,0,0,0,0,0,0,0
51,3.135001,1,0,0,0,0,0,0,0,0,0.000000000,0.000000000,0.000000000,0.000000000,0,0,0,0,0,0,0,0,0,0,0,0,0,0
51,3.135001,2,1,3,3,36700,-12947,1709,-902,9852,-0.790222168,0.104309082,-0.055053711,0.601318359,0,67,0,3,109,205,173,6,122,252,124,38,143,92
51,3.135001,3,0,0,0,0,0,0,0,0,0.000000000,0.000000000,0.000000000,0.000000000,0,0,0,0,0,0,0,0,0,0,0,0,0,0
51,3.135001,4,0,0,0,0,0,0,0,0,0.000000000,0.000000000,0.000000000,0.000000000,0,0,0,0,0,0,0,0,0,0,0,0,0,0
52,3.199033,1,0,0,0,0,0,0,0,0,0.000000000,0.000000000,0.000000000,0.000000000,0,0,0,0,0,0,0,0,0,0,0,0,0,0
52,3.199033,2,1,3,2,8076,-12947,1709,-902,9852,-0.790222168,0.104309082,-0.055053711,0.601318359,0,67,0,2,109,205,173,6,122,252,124,38,31,140
52,3.199033,3,0,0,0,0,0,0,0,0,0.000000000,0.000000000,0.000000000,0.000000000,0,0,0,0,0,0,0,0,0,0,0,0,0,0
52,3.199033,4,0,0,0,0,0,0,0,0,0.000000000,0.000000000,0.000000000,0.000000000,0,0,0,0,0,0,0,0,0,0,0,0,0,0
53,3.263134,1,0,0,0,0,0,0,0,0,0.000000000,0.000000000,0.000000000,0.000000000,0,0,0,0,0,0,0,0,0,0,0,0,0,0
53,3.263134,2,1,3,2,8076,-12947,1709,-902,9852,-0.790222168,0.104309082,-0.055053711,0.601318359,0,67,0,2,109,205,173,6,122,252,124,38,31,140
53,3.263134,3,0,0,0,0,0,0,0,0,0.000000000,0.000000000,0.000000000,0.000000000,0,0,0,0,0,0,0,0,0,0,0,0,0,0
53,3.263134,4,0,0,0,0,0,0,0,0,0.000000000,0.000000000,0.000000000,0.000000000,0,0,0,0,0,0,0,0,0,0,0,0,0,0
54,3.311017,1,0,0,0,0,0,0,0,0,0.000000000,0.000000000,0.000000000,0.000000000,0,0,0,0,0,0,0,0,0,0,0,0,0,0
54,3.311017,2,1,3,1,37785,-12947,1709,-902,9852,-0.790222168,0.104309082,-0.055053711,0.601318359,0,67,0,1,109,205,173,6,122,252,124,38,147,153
54,3.311017,3,0,0,0,0,0,0,0,0,0.000000000,0.000000000,0.000000000,0.000000000,0,0,0,0,0,0,0,0,0,0,0,0,0,0
54,3.311017,4,0,0,0,0,0,0,0,0,0.000000000,0.000000000,0.000000000,0.000000000,0,0,0,0,0,0,0,0,0,0,0,0,0,0
55,3.359014,1,0,0,0,0,0,0,0,0,0.000000000,0.000000000,0.000000000,0.000000000,0,0,0,0,0,0,0,0,0,0,0,0,0,0
55,3.359014,2,1,3,1,37785,-12947,1709,-902,9852,-0.790222168,0.104309082,-0.055053711,0.601318359,0,67,0,1,109,205,173,6,122,252,124,38,147,153
55,3.359014,3,0,0,0,0,0,0,0,0,0.000000000,0.000000000,0.000000000,0.000000000,0,0,0,0,0,0,0,0,0,0,0,0,0,0
55,3.359014,4,0,0,0,0,0,0,0,0,0.000000000,0.000000000,0.000000000,0.000000000,0,0,0,0,0,0,0,0,0,0,0,0,0,0
56,3.423081,1,0,0,0,0,0,0,0,0,0.000000000,0.000000000,0.000000000,0.000000000,0,0,0,0,0,0,0,0,0,0,0,0,0,0
56,3.423081,2,1,3,2,8076,-12947,1709,-902,9852,-0.790222168,0.104309082,-0.055053711,0.601318359,0,67,0,2,109,205,173,6,122,252,124,38,31,140
56,3.423081,3,0,0,0,0,0,0,0,0,0.000000000,0.000000000,0.000000000,0.000000000,0,0,0,0,0,0,0,0,0,0,0,0,0,0
56,3.423081,4,0,0,0,0,0,0,0,0,0.000000000,0.000000000,0.000000000,0.000000000,0,0,0,0,0,0,0,0,0,0,0,0,0,0
57,3.471024,1,0,0,0,0,0,0,0,0,0.000000000,0.000000000,0.000000000,0.000000000,0,0,0,0,0,0,0,0,0,0,0,0,0,0
57,3.471024,2,1,3,2,8076,-12947,1709,-902,9852,-0.790222168,0.104309082,-0.055053711,0.601318359,0,67,0,2,109,205,173,6,122,252,124,38,31,140
57,3.471024,3,0,0,0,0,0,0,0,0,0.000000000,0.000000000,0.000000000,0.000000000,0,0,0,0,0,0,0,0,0,0,0,0,0,0
57,3.471024,4,0,0,0,0,0,0,0,0,0.000000000,0.000000000,0.000000000,0.000000000,0,0,0,0,0,0,0,0,0,0,0,0,0,0
58,3.519018,1,0,0,0,0,0,0,0,0,0.000000000,0.000000000,0.000000000,0.000000000,0,0,0,0,0,0,0,0,0,0,0,0,0,0
58,3.519018,2,1,3,2,8076,-12947,1709,-902,9852,-0.790222168,0.104309082,-0.055053711,0.601318359,0,67,0,2,109,205,173,6,122,252,124,38,31,140
58,3.519018,3,0,0,0,0,0,0,0,0,0.000000000,0.000000000,0.000000000,0.000000000,0,0,0,0,0,0,0,0,0,0,0,0,0,0
58,3.519018,4,0,0,0,0,0,0,0,0,0.000000000,0.000000000,0.000000000,0.000000000,0,0,0,0,0,0,0,0,0,0,0,0,0,0
59,3.567023,1,0,0,0,0,0,0,0,0,0.000000000,0.000000000,0.000000000,0.000000000,0,0,0,0,0,0,0,0,0,0,0,0,0,0
59,3.567023,2,1,3,1,37785,-12947,1709,-902,9852,-0.790222168,0.104309082,-0.055053711,0.601318359,0,67,0,1,109,205,173,6,122,252,124,38,147,153
59,3.567023,3,0,0,0,0,0,0,0,0,0.000000000,0.000000000,0.000000000,0.000000000,0,0,0,0,0,0,0,0,0,0,0,0,0,0
59,3.567023,4,0,0,0,0,0,0,0,0,0.000000000,0.000000000,0.000000000,0.000000000,0,0,0,0,0,0,0,0,0,0,0,0,0,0
60,3.631020,1,0,0,0,0,0,0,0,0,0.000000000,0.000000000,0.000000000,0.000000000,0,0,0,0,0,0,0,0,0,0,0,0,0,0
60,3.631020,2,1,3,1,60516,-12947,1710,-902,9852,-0.790222168,0.104370117,-0.055053711,0.601318359,0,67,0,1,109,205,174,6,122,252,124,38,236,100
60,3.631020,3,0,0,0,0,0,0,0,0,0.000000000,0.000000000,0.000000000,0.000000000,0,0,0,0,0,0,0,0,0,0,0,0,0,0
60,3.631020,4,0,0,0,0,0,0,0,0,0.000000000,0.000000000,0.000000000,0.000000000,0,0,0,0,0,0,0,0,0,0,0,0,0,0
61,3.695026,1,0,0,0,0,0,0,0,0,0.000000000,0.000000000,0.000000000,0.000000000,0,0,0,0,0,0,0,0,0,0,0,0,0,0
61,3.695026,2,1,3,2,44953,-12947,1710,-901,9853,-0.790222168,0.104370117,-0.054992676,0.601379395,0,67,0,2,109,205,174,6,123,252,125,38,175,153
61,3.695026,3,0,0,0,0,0,0,0,0,0.000000000,0.000000000,0.000000000,0.000000000,0,0,0,0,0,0,0,0,0,0,0,0,0,0
61,3.695026,4,0,0,0,0,0,0,0,0,0.000000000,0.000000000,0.000000000,0.000000000,0,0,0,0,0,0,0,0,0,0,0,0,0,0
62,3.758978,1,0,0,0,0,0,0,0,0,0.000000000,0.000000000,0.000000000,0.000000000,0,0,0,0,0,0,0,0,0,0,0,0,0,0
62,3.758978,2,1,3,2,53121,-12947,1711,-900,9853,-0.790222168,0.104431152,-0.054931641,0.601379395,0,67,0,2,109,205,175,6,124,252,125,38,207,129
62,3.758978,3,0,0,0,0,0,0,0,0,0.000000000,0.000000000,0.000000000,0.000000000,0,0,0,0,0,0,0,0,0,0,0,0,0,0
62,3.758978,4,0,0,0,0,0,0,0,0,0.000000000,0.000000000,0.000000000,0.000000000,0,0,0,0,0,0,0,0,0,0,0,0,0,0
63,3.822985,1,0,0,0,0,0,0,0,0,0.000000000,0.000000000,0.000000000,0.000000000,0,0,0,0,0,0,0,0,0,0,0,0,0,0
63,3.822985,2,1,3,2,62641,-12947,1711,-899,9853,-0.790222168,0.104431152,-0.054870605,0.601379395,0,67,0,2,109,205,175,6,125,252,125,38,244,177
63,3.822985,3,0,0,0,0,0,0,0,0,0.000000000,0.000000000,0.000000000,0.000000000,0,0,0,0,0,0,0,0,0,0,0,0,0,0
63,3.822985,4,0,0,0,0,0,0,0,0,0.000000000,0.000000000,0.000000000,0.000000000,0,0,0,0,0,0,0,0,0,0,0,0,0,0
64,3.886988,1,0,0,0,0,0,0,0,0,0.000000000,0.000000000,0.000000000,0.000000000,0,0,0,0,0,0,0,0,0,0,0,0,0,0
64,3.886988,2,1,3,2,29316,-12947,1712,-899,9853,-0.790222168,0.104492188,-0.054870605,0.601379395,0,67,0,2,109,205,176,6,125,252,125,38,114,132
64,3.886988,3,0,0,0,0,0,0,0,0,0.000000000,0.000000000,0.000000000,0.000000000,0,0,0,0,0,0,0,0,0,0,0,0,0,0
64,3.886988,4,0,0,0,0,0,0,0,0,0.000000000,0.000000000,0.000000000,0.000000000,0,0,0,0,0,0,0,0,0,0,0,0,0,0
65,3.950999,1,0,0,0,0,0,0,0,0,0.000000000,0.000000000,0.000000000,0.000000000,0,0,0,0,0,0,0,0,0,0,0,0,0,0
65,3.950999,2,1,3,1,65169,-12947,1712,-899,9853,-0.790222168,0.104492188,-0.054870605,0.601379395,0,67,0,1,109,205,176,6,125,252,125,38,254,145
65,3.950999,3,0,0,0,0,0,0,0,0,0.000000000,0.000000000,0.000000000,0.000000000,0,0,0,0,0,0,0,0,0,0,0,0,0,0
65,3.950999,4,0,0,0,0,0,0,0,0,0.000000000,0.000000000,0.000000000,0.000000000,0,0,0,0,0,0,0,0,0,0,0,0,0,0
66,4.014996,1,0,0,0,0,0,0,0,0,0.000000000,0.000000000,0.000000000,0.000000000,0,0,0,0,0,0,0,0,0,0,0,0,0,0
66,4.014996,2,1,3,2,16340,-12947,1712,-898,9853,-0.790222168,0.104492188,-0.054809570,0.601379395,0,67,0,2,109,205,176,6,126,252,125,38,63,212
66,4.014996,3,0,0,0,0,0,0,0,0,0.000000000,0.000000000,0.000000000,0.000000000,0,0,0,0,0,0,0,0,0,0,0,0,0,0
66,4.014996,4,0,0,0,0,0,0,0,0,0.000000000,0.000000000,0.000000000,0.000000000,0,0,0,0,0,0,0,0,0,0,0,0,0,0
67,4.063020,1,0,0,0,0,0,0,0,0,0.000000000,0.000000000,0.000000000,0.000000000,0,0,0,0,0,0,0,0,0,0,0,0,0,0
67,4.063020,2,1,3,3,57940,-12947,1712,-899,9853,-0.790222168,0.104492188,-0.054870605,0.601379395,0,67,0,3,109,205,176,6,125,252,125,38,226,84
67,4.063020,3,0,0,0,0,0,0,0,0,0.000000000,0.000000000,0.000000000,0.000000000,0,0,0,0,0,0,0,0,0,0,0,0,0,0
67,4.063020,4,0,0,0,0,0,0,0,0,0.000000000,0.000000000,0.000000000,0.000000000,0,0,0,0,0,0,0,0,0,0,0,0,0,0
68,4.110989,1,0,0,0,0,0,0,0,0,0.000000000,0.000000000,0.000000000,0.000000000,0,0,0,0,0,0,0,0,0,0,0,0,0,0
68,4.110989,2,1,3,2,29316,-12947,1712,-899,9853,-0.790222168,0.104492188,-0.054870605,0.601379395,0,67,0,2,109,205,176,6,125,252,125,38,114,132
68,4.110989,3,0,0,0,0,0,0,0,0,0.000000000,0.000000000,0.000000000,0.000000000,0,0,0,0,0,0,0,0,0,0,0,0,0,0
68,4.110989,4,0,0,0,0,0,0,0,0,0.000000000,0.000000000,0.000000000,0.000000000,0,0,0,0,0,0,0,0,0,0,0,0,0,0
69,4.158995,1,0,0,0,0,0,0,0,0,0.000000000,0.000000000,0.000000000,0.000000000,0,0,0,0,0,0,0,0,0,0,0,0,0,0
69,4.158995,2,1,3,3,57940,-12947,1712,-899,9853,-0.790222168,0.104492188,-0.054870605,0.601379395,0,67,0,3,109,205,176,6,125,252,125,38,226,84
69,4.158995,3,0,0,0,0,0,0,0,0,0.000000000,0.000000000,0.000000000,0.000000000,0,0,0,0,0,0,0,0,0,0,0,0,0,0
69,4.158995,4,0,0,0,0,0,0,0,0,0.000000000,0.000000000,0.000000000,0.000000000,0,0,0,0,0,0,0,0,0,0,0,0,0,0
70,4.206986,1,0,0,0,0,0,0,0,0,0.000000000,0.000000000,0.000000000,0.000000000,0,0,0,0,0,0,0,0,0,0,0,0,0,0
70,4.206986,2,1,3,3,57940,-12947,1712,-899,9853,-0.790222168,0.104492188,-0.054870605,0.601379395,0,67,0,3,109,205,176,6,125,252,125,38,226,84
70,4.206986,3,0,0,0,0,0,0,0,0,0.000000000,0.000000000,0.000000000,0.000000000,0,0,0,0,0,0,0,0,0,0,0,0,0,0
70,4.206986,4,0,0,0,0,0,0,0,0,0.000000000,0.000000000,0.000000000,0.000000000,0,0,0,0,0,0,0,0,0,0,0,0,0,0
71,4.254950,1,0,0,0,0,0,0,0,0,0.000000000,0.000000000,0.000000000,0.000000000,0,0,0,0,0,0,0,0,0,0,0,0,0,0
71,4.254950,2,1,3,2,53121,-12947,1711,-900,9853,-0.790222168,0.104431152,-0.054931641,0.601379395,0,67,0,2,109,205,175,6,124,252,125,38,207,129
71,4.254950,3,0,0,0,0,0,0,0,0,0.000000000,0.000000000,0.000000000,0.000000000,0,0,0,0,0,0,0,0,0,0,0,0,0,0
71,4.254950,4,0,0,0,0,0,0,0,0,0.000000000,0.000000000,0.000000000,0.000000000,0,0,0,0,0,0,0,0,0,0,0,0,0,0
72,4.303173,1,0,0,0,0,0,0,0,0,0.000000000,0.000000000,0.000000000,0.000000000,0,0,0,0,0,0,0,0,0,0,0,0,0,0
72,4.303173,2,1,3,2,53121,-12947,1711,-900,9853,-0.790222168,0.104431152,-0.054931641,0.601379395,0,67,0,2,109,205,175,6,124,252,125,38,207,129
72,4.303173,3,0,0,0,0,0,0,0,0,0.000000000,0.000000000,0.000000000,0.000000000,0,0,0,0,0,0,0,0,0,0,0,0,0,0
72,4.303173,4,0,0,0,0,0,0,0,0,0.000000000,0.000000000,0.000000000,0.000000000,0,0,0,0,0,0,0,0,0,0,0,0,0,0
73,4.351260,1,0,0,0,0,0,0,0,0,0.000000000,0.000000000,0.000000000,0.000000000,0,0,0,0,0,0,0,0,0,0,0,0,0,0
73,4.351260,2,1,3,2,53121,-12947,1711,-900,9853,-0.790222168,0.104431152,-0.054931641,0.601379395,0,67,0,2,109,205,175,6,124,252,125,38,207,129
73,4.351260,3,0,0,0,0,0,0,0,0,0.000000000,0.000000000,0.000000000,0.000000000,0,0,0,0,0,0,0,0,0,0,0,0,0,0
73,4.351260,4,0,0,0,0,0,0,0,0,0.000000000,0.000000000,0.000000000,0.000000000,0,0,0,0,0,0,0,0,0,0,0,0,0,0
74,4.398965,1,0,0,0,0,0,0,0,0,0.000000000,0.000000000,0.000000000,0.000000000,0,0,0,0,0,0,0,0,0,0,0,0,0,0
74,4.398965,2,1,3,2,28177,-12947,1711,-901,9853,-0.790222168,0.104431152,-0.054992676,0.601379395,0,67,0,2,109,205,175,6,123,252,125,38,110,17
74,4.398965,3,0,0,0,0,0,0,0,0,0.000000000,0.000000000,0.000000000,0.000000000,0,0,0,0,0,0,0,0,0,0,0,0,0,0
74,4.398965,4,0,0,0,0,0,0,0,0,0.000000000,0.000000000,0.000000000,0.000000000,0,0,0,0,0,0,0,0,0,0,0,0,0,0
75,4.446970,1,0,0,0,0,0,0,0,0,0.000000000,0.000000000,0.000000000,0.000000000,0,0,0,0,0,0,0,0,0,0,0,0,0,0
75,4.446970,2,1,3,3,16201,-12947,1710,-901,9853,-0.790222168,0.104370117,-0.054992676,0.601379395,0,67,0,3,109,205,174,6,123,252,125,38,63,73
75,4.446970,3,0,0,0,0,0,0,0,0,0.000000000,0.000000000,0.000000000,0.000000000,0,0,0,0,0,0,0,0,0,0,0,0,0,0
75,4.446970,4,0,0,0,0,0,0,0,0,0.000000000,0.000000000,0.000000000,0.000000000,0,0,0,0,0,0,0,0,0,0,0,0,0,0
76,4.494979,1,0,0,0,0,0,0,0,0,0.000000000,0.000000000,0.000000000,0.000000000,0,0,0,0,0,0,0,0,0,0,0,0,0,0
76,4.494979,2,1,3,2,44953,-12947,1710,-901,9853,-0.790222168,0.104370117,-0.054992676,0.601379395,0,67,0,2,109,205,174,6,123,252,125,38,175,153
76,4.494979,3,0,0,0,0,0,0,0,0,0.000000000,0.000000000,0.000000000,0.000000000,0,0,0,0,0,0,0,0,0,0,0,0,0,0
76,4.494979,4,0,0,0,0,0,0,0,0,0.000000000,0.000000000,0.000000000,0.000000000,0,0,0,0,0,0,0,0,0,0,0,0,0,0
77,4.542968,1,0,0,0,0,0,0,0,0,0.000000000,0.000000000,0.000000000,0.000000000,0,0,0,0,0,0,0,0,0,0,0,0,0,0
77,4.542968,2,1,3,3,16201,-12947,1710,-901,9853,-0.790222168,0.104370117,-0.054992676,0.601379395,0,67,0,3,109,205,174,6,123,252,125,38,63,73
77,4.542968,3,0,0,0,0,0,0,0,0,0.000000000,0.000000000,0.000000000,0.000000000,0,0,0,0,0,0,0,0,0,0,0,0,0,0
77,4.542968,4,0,0,0,0,0,0,0,0,0.000000000,0.000000000,0.000000000,0.000000000,0,0,0,0,0,0,0,0,0,0,0,0,0,0
78,4.590964,1,0,0,0,0,0,0,0,0,0.000000000,0.000000000,0.000000000,0.000000000,0,0,0,0,0,0,0,0,0,0,0,0,0,0
78,4.590964,2,1,3,3,62504,-12946,1711,-900,9853,-0.790161133,0.104431152,-0.054931641,0.601379395,0,67,0,3,110,205,175,6,124,252,125,38,244,40
78,4.590964,3,0,0,0,0,0,0,0,0,0.000000000,0.000000000,0.000000000,0.000000000,0,0,0,0,0,0,0,0,0,0,0,0,0,0
78,4.590964,4,0,0,0,0,0,0,0,0,0.000000000,0.000000000,0.000000000,0.000000000,0,0,0,0,0,0,0,0,0,0,0,0,0,0
79,4.638935,1,0,0,0,0,0,0,0,0,0.000000000,0.000000000,0.000000000,0.000000000,0,0,0,0,0,0,0,0,0,0,0,0,0,0
79,4.638935,2,1,3,2,25848,-12946,1711,-900,9853,-0.790161133,0.104431152,-0.054931641,0.601379395,0,67,0,2,110,205,175,6,124,252,125,38,100,248
79,4.638935,3,0,0,0,0,0,0,0,0,0.000000000,0.000000000,0.000000000,0.000000000,0,0,0,0,0,0,0,0,0,0,0,0,0,0
79,4.638935,4,0,0,0,0,0,0,0,0,0.000000000,0.000000000,0.000000000,0.000000000,0,0,0,0,0,0,0,0,0,0,0,0,0,0
80,4.686950,1,0,0,0,0,0,0,0,0,0.000000000,0.000000000,0.000000000,0.000000000,0,0,0,0,0,0,0,0,0,0,0,0,0,0
80,4.686950,2,1,3,2,24520,-12946,1711,-899,9853,-0.790161133,0.104431152,-0.054870605,0.601379395,0,67,0,2,110,205,175,6,125,252,125,38,95,200
80,4.686950,3,0,0,0,0,0,0,0,0,0.000000000,0.000000000,0.000000000,0.000000000,0,0,0,0,0,0,0,0,0,0,0,0,0,0
80,4.686950,4,0,0,0,0,0,0,0,0,0.000000000,0.000000000,0.000000000,0.000000000,0,0,0,0,0,0,0,0,0,0,0,0,0,0
81,4.734935,1,0,0,0,0,0,0,0,0,0.000000000,0.000000000,0.000000000,0.000000000,0,0,0,0,0,0,0,0,0,0,0,0,0,0
81,4.734935,2,1,3,2,55805,-12946,1712,-899,9853,-0.790161133,0.104492188,-0.054870605,0.601379395,0,67,0,2,110,205,176,6,125,252,125,38,217,253
81,4.734935,3,0,0,0,0,0,0,0,0,0.000000000,0.000000000,0.000000000,0.000000000,0,0,0,0,0,0,0,0,0,0,0,0,0,0
81,4.734935,4,0,0,0,0,0,0,0,0,0.000000000,0.000000000,0.000000000,0.000000000,0,0,0,0,0,0,0,0,0,0,0,0,0,0
82,4.782936,1,0,0,0,0,0,0,0,0,0.000000000,0.000000000,0.000000000,0.000000000,0,0,0,0,0,0,0,0,0,0,0,0,0,0
82,4.782936,2,1,3,3,25697,-12947,1711,-899,9853,-0.790222168,0.104431152,-0.054870605,0.601379395,0,67,0,3,109,205,175,6,125,252,125,38,100,97
82,4.782936,3,0,0,0,0,0,0,0,0,0.000000000,0.000000000,0.000000000,0.000000000,0,0,0,0,0,0,0,0,0,0,0,0,0,0
82,4.782936,4,0,0,0,0,0,0,0,0,0.000000000,0.000000000,0.000000000,0.000000000,0,0,0,0,0,0,0,0,0,0,0,0,0,0
83,4.830936,1,0,0,0,0,0,0,0,0,0.000000000,0.000000000,0.000000000,0.000000000,0,0,0,0,0,0,0,0,0,0,0,0,0,0
83,4.830936,2,1,3,2,53121,-12947,1711,-900,9853,-0.790222168,0.104431152,-0.054931641,0.601379395,0,67,0,2,109,205,175,6,124,252,125,38,207,129
83,4.830936,3,0,0,0,0,0,0,0,0,0.000000000,0.000000000,0.000000000,0.000000000,0,0,0,0,0,0,0,0,0,0,0,0,0,0
83,4.830936,4,0,0,0,0,0,0,0,0,0.000000000,0.000000000,0.000000000,0.000000000,0,0,0,0,0,0,0,0,0,0,0,0,0,0
84,4.878939,1,0,0,0,0,0,0,0,0,0.000000000,0.000000000,0.000000000,0.000000000,0,0,0,0,0,0,0,0,0,0,0,0,0,0
84,4.878939,2,1,3,1,17300,-12947,1711,-900,9853,-0.790222168,0.104431152,-0.054931641,0.601379395,0,67,0,1,109,205,175,6,124,252,125,38,67,148
84,4.878939,3,0,0,0,0,0,0,0,0,0.000000000,0.000000000,0.000000000,0.000000000,0,0,0,0,0,0,0,0,0,0,0,0,0,0
84,4.878939,4,0,0,0,0,0,0,0,0,0.000000000,0.000000000,0.000000000,0.000000000,0,0,0,0,0,0,0,0,0,0,0,0,0,0
85,4.926952,1,0,0,0,0,0,0,0,0,0.000000000,0.000000000,0.000000000,0.000000000,0,0,0,0,0,0,0,0,0,0,0,0,0,0
85,4.926952,2,1,3,3,62504,-12946,1711,-900,9853,-0.790161133,0.104431152,-0.054931641,0.601379395,0,67,0,3,110,205,175,6,124,252,125,38,244,40
85,4.926952,3,0,0,0,0,0,0,0,0,0.000000000,0.000000000,0.000000000,0.000000000,0,0,0,0,0,0,0,0,0,0,0,0,0,0
85,4.926952,4,0,0,0,0,0,0,0,0,0.000000000,0.000000000,0.000000000,0.000000000,0,0,0,0,0,0,0,0,0,0,0,0,0,0
86,4.974938,1,0,0,0,0,0,0,0,0,0.000000000,0.000000000,0.000000000,0.000000000,0,0,0,0,0,0,0,0,0,0,0,0,0,0
86,4.974938,2,1,3,3,62504,-12946,1711,-900,9853,-0.790161133,0.104431152,-0.054931641,0.601379395,0,67,0,3,110,205,175,6,124,252,125,38,244,40
86,4.974938,3,0,0,0,0,0,0,0,0,0.000000000,0.000000000,0.000000000,0.000000000,0,0,0,0,0,0,0,0,0,0,0,0,0,0
86,4.974938,4,0,0,0,0,0,0,0,0,0.000000000,0.000000000,0.000000000,0.000000000,0,0,0,0,0,0,0,0,0,0,0,0,0,0
87,5.022930,1,0,0,0,0,0,0,0,0,0.000000000,0.000000000,0.000000000,0.000000000,0,0,0,0,0,0,0,0,0,0,0,0,0,0
87,5.022930,2,1,3,2,17653,-12946,1711,-900,9854,-0.790161133,0.104431152,-0.054931641,0.601440430,0,67,0,2,110,205,175,6,124,252,126,38,68,245
87,5.022930,3,0,0,0,0,0,0,0,0,0.000000000,0.000000000,0.000000000,0.000000000,0,0,0,0,0,0,0,0,0,0,0,0,0,0
87,5.022930,4,0,0,0,0,0,0,0,0,0.000000000,0.000000000,0.000000000,0.000000000,0,0,0,0,0,0,0,0,0,0,0,0,0,0
88,5.070912,1,0,0,0,0,0,0,0,0,0.000000000,0.000000000,0.000000000,0.000000000,0,0,0,0,0,0,0,0,0,0,0,0,0,0
88,5.070912,2,1,3,3,61205,-12946,1711,-899,9854,-0.790161133,0.104431152,-0.054870605,0.601440430,0,67,0,3,110,205,175,6,125,252,126,38,239,21
88,5.070912,3,0,0,0,0,0,0,0,0,0.000000000,0.000000000,0.000000000,0.000000000,0,0,0,0,0,0,0,0,0,0,0,0,0,0
88,5.070912,4,0,0,0,0,0,0,0,0,0.000000000,0.000000000,0.000000000,0.000000000,0,0,0,0,0,0,0,0,0,0,0,0,0,0
89,5.118934,1,0,0,0,0,0,0,0,0,0.000000000,0.000000000,0.000000000,0.000000000,0,0,0,0,0,0,0,0,0,0,0,0,0,0
89,5.118934,2,1,3,3,26912,-12946,1712,-899,9854,-0.790161133,0.104492188,-0.054870605,0.601440430,0,67,0,3,110,205,176,6,125,252,126,38,105,32
89,5.118934,3,0,0,0,0,0,0,0,0,0.000000000,0.000000000,0.000000000,0.000000000,0,0,0,0,0,0,0,0,0,0,0,0,0,0
89,5.118934,4,0,0,0,0,0,0,0,0,0.000000000,0.000000000,0.000000000,0.000000000,0,0,0,0,0,0,0,0,0,0,0,0,0,0
90,5.166945,1,0,0,0,0,0,0,0,0,0.000000000,0.000000000,0.000000000,0.000000000,0,0,0,0,0,0,0,0,0,0,0,0,0,0
90,5.166945,2,1,3,2,55805,-12946,1712,-899,9853,-0.790161133,0.104492188,-0.054870605,0.601379395,0,67,0,2,110,205,176,6,125,252,125,38,217,253
90,5.166945,3,0,0,0,0,0,0,0,0,0.000000000,0.000000000,0.000000000,0.000000000,0,0,0,0,0,0,0,0,0,0,0,0,0,0
90,5.166945,4,0,0,0,0,0,0,0,0,0.000000000,0.000000000,0.000000000,0.000000000,0,0,0,0,0,0,0,0,0,0,0,0,0,0
91,5.214935,1,0,0,0,0,0,0,0,0,0.000000000,0.000000000,0.000000000,0.000000000,0,0,0,0,0,0,0,0,0,0,0,0,0,0
91,5.214935,2,1,3,2,55805,-12946,1712,-899,9853,-0.790161133,0.104492188,-0.054870605,0.601379395,0,67,0,2,110,205,176,6,125,252,125,38,217,253
91,5.214935,3,0,0,0,0,0,0,0,0,0.000000000,0.000000000,0.000000000,0.000000000,0,0,0,0,0,0,0,0,0,0,0,0,0,0
91,5.214935,4,0,0,0,0,0,0,0,0,0.000000000,0.000000000,0.000000000,0.000000000,0,0,0,0,0,0,0,0,0,0,0,0,0,0
92,5.262919,1,0,0,0,0,0,0,0,0,0.000000000,0.000000000,0.000000000,0.000000000,0,0,0,0,0,0,0,0,0,0,0,0,0,0
92,5.262919,2,1,3,2,38061,-12946,1712,-898,9853,-0.790161133,0.104492188,-0.054809570,0.601379395,0,67,0,2,110,205,176,6,126,252,125,38,148,173
92,5.262919,3,0,0,0,0,0,0,0,0,0.000000000,0.000000000,0.000000000,0.000000000,0,0,0,0,0,0,0,0,0,0,0,0,0,0
92,5.262919,4,0,0,0,0,0,0,0,0,0.000000000,0.000000000,0.000000000,0.000000000,0,0,0,0,0,0,0,0,0,0,0,0,0,0
93,5.311012,1,0,0,0,0,0,0,0,0,0.000000000,0.000000000,0.000000000,0.000000000,0,0,0,0,0,0,0,0,0,0,0,0,0,0
93,5.311012,2,1,3,3,1149,-12946,1712,-898,9853,-0.790161133,0.104492188,-0.054809570,0.601379395,0,67,0,3,110,205,176,6,126,252,125,38,4,125
93,5.311012,3,0,0,0,0,0,0,0,0,0.000000000,0.000000000,0.000000000,0.000000000,0,0,0,0,0,0,0,0,0,0,0,0,0,0
93,5.311012,4,0,0,0,0,0,0,0,0,0.000000000,0.000000000,0.000000000,0.000000000,0,0,0,0,0,0,0,0,0,0,0,0,0,0
94,5.358916,1,0,0,0,0,0,0,0,0,0.000000000,0.000000000,0.000000000,0.000000000,0,0,0,0,0,0,0,0,0,0,0,0,0,0
94,5.358916,2,1,3,1,6328,-12946,1712,-898,9853,-0.790161133,0.104492188,-0.054809570,0.601379395,0,67,0,1,110,205,176,6,126,252,125,38,24,184
94,5.358916,3,0,0,0,0,0,0,0,0,0.000000000,0.000000000,0.000000000,0.000000000,0,0,0,0,0,0,0,0,0,0,0,0,0,0
94,5.358916,4,0,0,0,0,0,0,0,0,0.000000000,0.000000000,0.000000000,0.000000000,0,0,0,0,0,0,0,0,0,0,0,0,0,0
95,5.406914,1,0,0,0,0,0,0,0,0,0.000000000,0.000000000,0.000000000,0.000000000,0,0,0,0,0,0,0,0,0,0,0,0,0,0
95,5.406914,2,1,3,2,46240,-12946,1712,-898,9854,-0.790161133,0.104492188,-0.054809570,0.601440430,0,67,0,2,110,205,176,6,126,252,126,38,180,160
95,5.406914,3,0,0,0,0,0,0,0,0,0.000000000,0.000000000,0.000000000,0.000000000,0,0,0,0,0,0,0,0,0,0,0,0,0,0
95,5.406914,4,0,0,0,0,0,0,0,0,0.000000000,0.000000000,0.000000000,0.000000000,0,0,0,0,0,0,0,0,0,0,0,0,0,0
96,5.470928,1,0,0,0,0,0,0,0,0,0.000000000,0.000000000,0.000000000,0.000000000,0,0,0,0,0,0,0,0,0,0,0,0,0,0
96,5.470928,2,1,3,3,58872,-12946,1713,-898,9854,-0.790161133,0.104553223,-0.054809570,0.601440430,0,67,0,3,110,205,177,6,126,252,126,38,229,248
96,5.470928,3,0,0,0,0,0,0,0,0,0.000000000,0.000000000,0.000000000,0.000000000,0,0,0,0,0,0,0,0,0,0,0,0,0,0
96,5.470928,4,0,0,0,0,0,0,0,0,0.000000000,0.000000000,0.000000000,0.000000000,0,0,0,0,0,0,0,0,0,0,0,0,0,0
97,5.518909,1,0,0,0,0,0,0,0,0,0.000000000,0.000000000,0.000000000,0.000000000,0,0,0,0,0,0,0,0,0,0,0,0,0,0
97,5.518909,2,1,3,3,58872,-12946,1713,-898,9854,-0.790161133,0.104553223,-0.054809570,0.601440430,0,67,0,3,110,205,177,6,126,252,126,38,229,248
97,5.518909,3,0,0,0,0,0,0,0,0,0.000000000,0.000000000,0.000000000,0.000000000,0,0,0,0,0,0,0,0,0,0,0,0,0,0
97,5.518909,4,0,0,0,0,0,0,0,0,0.000000000,0.000000000,0.000000000,0.000000000,0,0,0,0,0,0,0,0,0,0,0,0,0,0
98,5.566923,1,0,0,0,0,0,0,0,0,0.000000000,0.000000000,0.000000000,0.000000000,0,0,0,0,0,0,0,0,0,0,0,0,0,0
98,5.566923,2,1,3,2,29992,-12946,1713,-898,9854,-0.790161133,0.104553223,-0.054809570,0.601440430,0,67,0,2,110,205,177,6,126,252,126,38,117,40
98,5.566923,3,0,0,0,0,0,0,0,0,0.000000000,0.000000000,0.000000000,0.000000000,0,0,0,0,0,0,0,0,0,0,0,0,0,0
98,5.566923,4,0,0,0,0,0,0,0,0,0.000000000,0.000000000,0.000000000,0.000000000,0,0,0,0,0,0,0,0,0,0,0,0,0,0
99,5.614897,1,0,0,0,0,0,0,0,0,0.000000000,0.000000000,0.000000000,0.000000000,0,0,0,0,0,0,0,0,0,0,0,0,0,0
99,5.614897,2,1,3,1,63805,-12946,1713,-898,9854,-0.790161133,0.104553223,-0.054809570,0.601440430,0,67,0,1,110,205,177,6,126,252,126,38,249,61
99,5.614897,3,0,0,0,0,0,0,0,0,0.000000000,0.000000000,0.000000000,0.000000000,0,0,0,0,0,0,0,0,0,0,0,0,0,0
99,5.614897,4,0,0,0,0,0,0,0,0,0.000000000,0.000000000,0.000000000,0.000000000,0,0,0,0,0,0,0,0,0,0,0,0,0,0
100,5.678906,1,0,0,0,0,0,0,0,0,0.000000000,0.000000000,0.000000000,0.000000000,0,0,0,0,0,0,0,0,0,0,0,0,0,0
100,5.678906,2,1,3,2,46240,-12946,1712,-898,9854,-0.790161133,0.104492188,-0.054809570,0.601440430,0,67,0,2,110,205,176,6,126,252,126,38,180,160
100,5.678906,3,0,0,0,0,0,0,0,0,0.000000000,0.000000000,0.000000000,0.000000000,0,0,0,0,0,0,0,0,0,0,0,0,0,0
100,5.678906,4,0,0,0,0,0,0,0,0,0.000000000,0.000000000,0.000000000,0.000000000,0,0,0,0,0,0,0,0,0,0,0,0,0,0
101,5.742893,1,0,0,0,0,0,0,0,0,0.000000000,0.000000000,0.000000000,0.000000000,0,0,0,0,0,0,0,0,0,0,0,0,0,0
101,5.742893,2,1,3,2,46240,-12946,1712,-898,9854,-0.790161133,0.104492188,-0.054809570,0.601440430,0,67,0,2,110,205,176,6,126,252,126,38,180,160
101,5.742893,3,0,0,0,0,0,0,0,0,0.000000000,0.000000000,0.000000000,0.000000000,0,0,0,0,0,0,0,0,0,0,0,0,0,0
101,5.742893,4,0,0,0,0,0,0,0,0,0.000000000,0.000000000,0.000000000,0.000000000,0,0,0,0,0,0,0,0,0,0,0,0,0,0
102,5.806900,1,0,0,0,0,0,0,0,0,0.000000000,0.000000000,0.000000000,0.000000000,0,0,0,0,0,0,0,0,0,0,0,0,0,0
102,5.806900,2,1,3,1,63805,-12946,1713,-898,9854,-0.790161133,0.104553223,-0.054809570,0.601440430,0,67,0,1,110,205,177,6,126,252,126,38,249,61
102,5.806900,3,0,0,0,0,0,0,0,0,0.000000000,0.000000000,0.000000000,0.000000000,0,0,0,0,0,0,0,0,0,0,0,0,0,0
102,5.806900,4,0,0,0,0,0,0,0,0,0.000000000,0.000000000,0.000000000,0.000000000,0,0,0,0,0,0,0,0,0,0,0,0,0,0
103,5.870909,1,0,0,0,0,0,0,0,0,0.000000000,0.000000000,0.000000000,0.000000000,0,0,0,0,0,0,0,0,0,0,0,0,0,0
103,5.870909,2,1,3,2,21797,-12946,1713,-898,9853,-0.790161133,0.104553223,-0.054809570,0.601379395,0,67,0,2,110,205,177,6,126,252,125,38,85,37
103,5.870909,3,0,0,0,0,0,0,0,0,0.000000000,0.000000000,0.000000000,0.000000000,0,0,0,0,0,0,0,0,0,0,0,0,0,0
103,5.870909,4,0,0,0,0,0,0,0,0,0.000000000,0.000000000,0.000000000,0.000000000,0,0,0,0,0,0,0,0,0,0,0,0,0,0
104,5.934955,1,0,0,0,0,0,0,0,0,0.000000000,0.000000000,0.000000000,0.000000000,0,0,0,0,0,0,0,0,0,0,0,0,0,0
104,5.934955,2,1,3,3,50677,-12946,1713,-898,9853,-0.790161133,0.104553223,-0.054809570,0.601379395,0,67,0,3,110,205,177,6,126,252,125,38,197,245
104,5.934955,3,0,0,0,0,0,0,0,0,0.000000000,0.000000000,0.000000000,0.000000000,0,0,0,0,0,0,0,0,0,0,0,0,0,0
104,5.934955,4,0,0,0,0,0,0,0,0,0.000000000,0.000000000,0.000000000,0.000000000,0,0,0,0,0,0,0,0,0,0,0,0,0,0
105,5.998904,1,0,0,0,0,0,0,0,0,0.000000000,0.000000000,0.000000000,0.000000000,0,0,0,0,0,0,0,0,0,0,0,0,0,0
105,5.998904,2,1,3,3,65221,-12946,1713,-897,9853,-0.790161133,0.104553223,-0.054748535,0.601379395,0,67,0,3,110,205,177,6,127,252,125,38,254,197
105,5.998904,3,0,0,0,0,0,0,0,0,0.000000000,0.000000000,0.000000000,0.000000000,0,0,0,0,0,0,0,0,0,0,0,0,0,0
105,5.998904,4,0,0,0,0,0,0,0,0,0.000000000,0.000000000,0.000000000,0.000000000,0,0,0,0,0,0,0,0,0,0,0,0,0,0
106,6.062900,1,0,0,0,0,0,0,0,0,0.000000000,0.000000000,0.000000000,0.000000000,0,0,0,0,0,0,0,0,0,0,0,0,0,0
106,6.062900,2,1,3,2,28181,-12946,1713,-897,9853,-0.790161133,0.104553223,-0.054748535,0.601379395,0,67,0,2,110,205,177,6,127,252,125,38,110,21
106,6.062900,3,0,0,0,0,0,0,0,0,0.000000000,0.000000000,0.000000000,0.000000000,0,0,0,0,0,0,0,0,0,0,0,0,0,0
106,6.062900,4,0,0,0,0,0,0,0,0,0.000000000,0.000000000,0.000000000,0.000000000,0,0,0,0,0,0,0,0,0,0,0,0,0,0
107,6.126909,1,0,0,0,0,0,0,0,0,0.000000000,0.000000000,0.000000000,0.000000000,0,0,0,0,0,0,0,0,0,0,0,0,0,0
107,6.126909,2,1,3,2,28181,-12946,1713,-897,9853,-0.790161133,0.104553223,-0.054748535,0.601379395,0,67,0,2,110,205,177,6,127,252,125,38,110,21
107,6.126909,3,0,0,0,0,0,0,0,0,0.000000000,0.000000000,0.000000000,0.000000000,0,0,0,0,0,0,0,0,0,0,0,0,0,0
107,6.126909,4,0,0,0,0,0,0,0,0,0.000000000,0.000000000,0.000000000,0.000000000,0,0,0,0,0,0,0,0,0,0,0,0,0,0
108,6.174912,1,0,0,0,0,0,0,0,0,0.000000000,0.000000000,0.000000000,0.000000000,0,0,0,0,0,0,0,0,0,0,0,0,0,0
108,6.174912,2,1,3,1,57856,-12946,1713,-897,9853,-0.790161133,0.104553223,-0.054748535,0.601379395,0,67,0,1,110,205,177,6,127,252,125,38,226,0
108,6.174912,3,0,0,0,0,0,0,0,0,0.000000000,0.000000000,0.000000000,0.000000000,0,0,0,0,0,0,0,0,0,0,0,0,0,0
108,6.174912,4,0,0,0,0,0,0,0,0,0.000000000,0.000000000,0.000000000,0.000000000,0,0,0,0,0,0,0,0,0,0,0,0,0,0
109,6.222909,1,0,0,0,0,0,0,0,0,0.000000000,0.000000000,0.000000000,0.000000000,0,0,0,0,0,0,0,0,0,0,0,0,0,0
109,6.222909,2,1,3,4,19290,-12946,1713,-897,9853,-0.790161133,0.104553223,-0.054748535,0.601379395,0,67,0,4,110,205,177,6,127,252,125,38,75,90
109,6.222909,3,0,0,0,0,0,0,0,0,0.000000000,0.000000000,0.000000000,0.000000000,0,0,0,0,0,0,0,0,0,0,0,0,0,0
109,6.222909,4,0,0,0,0,0,0,0,0,0.000000000,0.000000000,0.000000000,0.000000000,0,0,0,0,0,0,0,0,0,0,0,0,0,0
110,6.270848,1,0,0,0,0,0,0,0,0,0.000000000,0.000000000,0.000000000,0.000000000,0,0,0,0,0,0,0,0,0,0,0,0,0,0
110,6.270848,2,1,3,2,50540,-12947,1713,-897,9853,-0.790222168,0.104553223,-0.054748535,0.601379395,0,67,0,2,109,205,177,6,127,252,125,38,197,108
110,6.270848,3,0,0,0,0,0,0,0,0,0.000000000,0.000000000,0.000000000,0.000000000,0,0,0,0,0,0,0,0,0,0,0,0,0,0
110,6.270848,4,0,0,0,0,0,0,0,0,0.000000000,0.000000000,0.000000000,0.000000000,0,0,0,0,0,0,0,0,0,0,0,0,0,0
111,6.318867,1,0,0,0,0,0,0,0,0,0.000000000,0.000000000,0.000000000,0.000000000,0,0,0,0,0,0,0,0,0,0,0,0,0,0
111,6.318867,2,1,3,2,16340,-12947,1712,-898,9853,-0.790222168,0.104492188,-0.054809570,0.601379395,0,67,0,2,109,205,176,6,126,252,125,38,63,212
111,6.318867,3,0,0,0,0,0,0,0,0,0.000000000,0.000000000,0.000000000,0.000000000,0,0,0,0,0,0,0,0,0,0,0,0,0,0
111,6.318867,4,0,0,0,0,0,0,0,0,0.000000000,0.000000000,0.000000000,0.000000000,0,0,0,0,0,0,0,0,0,0,0,0,0,0
112,6.366854,1,0,0,0,0,0,0,0,0,0.000000000,0.000000000,0.000000000,0.000000000,0,0,0,0,0,0,0,0,0,0,0,0,0,0
112,6.366854,2,1,3,3,44804,-12947,1712,-898,9853,-0.790222168,0.104492188,-0.054809570,0.601379395,0,67,0,3,109,205,176,6,126,252,125,38,175,4
112,6.366854,3,0,0,0,0,0,0,0,0,0.000000000,0.000000000,0.000000000,0.000000000,0,0,0,0,0,0,0,0,0,0,0,0,0,0
112,6.366854,4,0,0,0,0,0,0,0,0,0.000000000,0.000000000,0.000000000,0.000000000,0,0,0,0,0,0,0,0,0,0,0,0,0,0
113,6.414863,1,0,0,0,0,0,0,0,0,0.000000000,0.000000000,0.000000000,0.000000000,0,0,0,0,0,0,0,0,0,0,0,0,0,0
113,6.414863,2,1,3,3,17793,-12947,1713,-905,9852,-0.790222168,0.104553223,-0.055236816,0.601318359,0,67,0,3,109,205,177,6,119,252,124,38,69,129
113,6.414863,3,0,0,0,0,0,0,0,0,0.000000000,0.000000000,0.000000000,0.000000000,0,0,0,0,0,0,0,0,0,0,0,0,0,0
113,6.414863,4,0,0,0,0,0,0,0,0,0.000000000,0.000000000,0.000000000,0.000000000,0,0,0,0,0,0,0,0,0,0,0,0,0,0
114,6.462851,1,0,0,0,0,0,0,0,0,0.000000000,0.000000000,0.000000000,0.000000000,0,0,0,0,0,0,0,0,0,0,0,0,0,0
114,6.462851,2,1,3,2,54609,-12947,1713,-905,9852,-0.790222168,0.104553223,-0.055236816,0.601318359,0,67,0,2,109,205,177,6,119,252,124,38,213,81
114,6.462851,3,0,0,0,0,0,0,0,0,0.000000000,0.000000000,0.000000000,0.000000000,0,0,0,0,0,0,0,0,0,0,0,0,0,0
114,6.462851,4,0,0,0,0,0,0,0,0,0.000000000,0.000000000,0.000000000,0.000000000,0,0,0,0,0,0,0,0,0,0,0,0,0,0
115,6.510872,1,0,0,0,0,0,0,0,0,0.000000000,0.000000000,0.000000000,0.000000000,0,0,0,0,0,0,0,0,0,0,0,0,0,0
115,6.510872,2,1,3,2,54609,-12947,1713,-905,9852,-0.790222168,0.104553223,-0.055236816,0.601318359,0,67,0,2,109,205,177,6,119,252,124,38,213,81
115,6.510872,3,0,0,0,0,0,0,0,0,0.000000000,0.000000000,0.000000000,0.000000000,0,0,0,0,0,0,0,0,0,0,0,0,0,0
115,6.510872,4,0,0,0,0,0,0,0,0,0.000000000,0.000000000,0.000000000,0.000000000,0,0,0,0,0,0,0,0,0,0,0,0,0,0
116,6.558856,1,0,0,0,0,0,0,0,0,0.000000000,0.000000000,0.000000000,0.000000000,0,0,0,0,0,0,0,0,0,0,0,0,0,0
116,6.558856,2,1,3,1,22852,-12947,1713,-905,9852,-0.790222168,0.104553223,-0.055236816,0.601318359,0,67,0,1,109,205,177,6,119,252,124,38,89,68
116,6.558856,3,0,0,0,0,0,0,0,0,0.000000000,0.000000000,0.000000000,0.000000000,0,0,0,0,0,0,0,0,0,0,0,0,0,0
116,6.558856,4,0,0,0,0,0,0,0,0,0.000000000,0.000000000,0.000000000,0.000000000,0,0,0,0,0,0,0,0,0,0,0,0,0,0
117,6.606861,1,0,0,0,0,0,0,0,0,0.000000000,0.000000000,0.000000000,0.000000000,0,0,0,0,0,0,0,0,0,0,0,0,0,0
117,6.606861,2,1,3,1,22852,-12947,1713,-905,9852,-0.790222168,0.104553223,-0.055236816,0.601318359,0,67,0,1,109,205,177,6,119,252,124,38,89,68
117,6.606861,3,0,0,0,0,0,0,0,0,0.000000000,0.000000000,0.000000000,0.000000000,0,0,0,0,0,0,0,0,0,0,0,0,0,0
117,6.606861,4,0,0,0,0,0,0,0,0,0.000000000,0.000000000,0.000000000,0.000000000,0,0,0,0,0,0,0,0,0,0,0,0,0,0
118,6.654872,1,0,0,0,0,0,0,0,0,0.000000000,0.000000000,0.000000000,0.000000000,0,0,0,0,0,0,0,0,0,0,0,0,0,0
118,6.654872,2,1,3,3,17793,-12947,1713,-905,9852,-0.790222168,0.104553223,-0.055236816,0.601318359,0,67,0,3,109,205,177,6,119,252,124,38,69,129
118,6.654872,3,0,0,0,0,0,0,0,0,0.000000000,0.000000000,0.000000000,0.000000000,0,0,0,0,0,0,0,0,0,0,0,0,0,0
118,6.654872,4,0,0,0,0,0,0,0,0,0.000000000,0.000000000,0.000000000,0.000000000,0,0,0,0,0,0,0,0,0,0,0,0,0,0
119,6.702836,1,0,0,0,0,0,0,0,0,0.000000000,0.000000000,0.000000000,0.000000000,0,0,0,0,0,0,0,0,0,0,0,0,0,0
119,6.702836,2,1,3,2,54609,-12947,1713,-905,9852,-0.790222168,0.104553223,-0.055236816,0.601318359,0,67,0,2,109,205,177,6,119,252,124,38,213,81
119,6.702836,3,0,0,0,0,0,0,0,0,0.000000000,0.000000000,0.000000000,0.000000000,0,0,0,0,0,0,0,0,0,0,0,0,0,0
119,6.702836,4,0,0,0,0,0,0,0,0,0.000000000,0.000000000,0.000000000,0.000000000,0,0,0,0,0,0,0,0,0,0,0,0,0,0
120,6.750841,1,0,0,0,0,0,0,0,0,0.000000000,0.000000000,0.000000000,0.000000000,0,0,0,0,0,0,0,0,0,0,0,0,0,0
120,6.750841,2,1,3,2,32296,-12946,1713,-905,9852,-0.790161133,0.104553223,-0.055236816,0.601318359,0,67,0,2,110,205,177,6,119,252,124,38,126,40
120,6.750841,3,0,0,0,0,0,0,0,0,0.000000000,0.000000000,0.000000000,0.000000000,0,0,0,0,0,0,0,0,0,0,0,0,0,0
120,6.750841,4,0,0,0,0,0,0,0,0,0.000000000,0.000000000,0.000000000,0.000000000,0,0,0,0,0,0,0,0,0,0,0,0,0,0
121,6.798839,1,0,0,0,0,0,0,0,0,0.000000000,0.000000000,0.000000000,0.000000000,0,0,0,0,0,0,0,0,0,0,0,0,0,0
121,6.798839,2,1,3,2,35568,-12946,1713,-905,9853,-0.790161133,0.104553223,-0.055236816,0.601379395,0,67,0,2,110,205,177,6,119,252,125,38,138,240
121,6.798839,3,0,0,0,0,0,0,0,0,0.000000000,0.000000000,0.000000000,0.000000000,0,0,0,0,0,0,0,0,0,0,0,0,0,0
121,6.798839,4,0,0,0,0,0,0,0,0,0.000000000,0.000000000,0.000000000,0.000000000,0,0,0,0,0,0,0,0,0,0,0,0,0,0
122,6.846853,1,0,0,0,0,0,0,0,0,0.000000000,0.000000000,0.000000000,0.000000000,0,0,0,0,0,0,0,0,0,0,0,0,0,0
122,6.846853,2,1,3,2,35568,-12946,1713,-905,9853,-0.790161133,0.104553223,-0.055236816,0.601379395,0,67,0,2,110,205,177,6,119,252,125,38,138,240
122,6.846853,3,0,0,0,0,0,0,0,0,0.000000000,0.000000000,0.000000000,0.000000000,0,0,0,0,0,0,0,0,0,0,0,0,0,0
122,6.846853,4,0,0,0,0,0,0,0,0,0.000000000,0.000000000,0.000000000,0.000000000,0,0,0,0,0,0,0,0,0,0,0,0,0,0
123,6.894838,1,0,0,0,0,0,0,0,0,0.000000000,0.000000000,0.000000000,0.000000000,0,0,0,0,0,0,0,0,0,0,0,0,0,0
123,6.894838,2,1,3,2,35568,-12946,1713,-905,9853,-0.790161133,0.104553223,-0.055236816,0.601379395,0,67,0,2,110,205,177,6,119,252,125,38,138,240
123,6.894838,3,0,0,0,0,0,0,0,0,0.000000000,0.000000000,0.000000000,0.000000000,0,0,0,0,0,0,0,0,0,0,0,0,0,0
123,6.894838,4,0,0,0,0,0,0,0,0,0.000000000,0.000000000,0.000000000,0.000000000,0,0,0,0,0,0,0,0,0,0,0,0,0,0
124,6.942852,1,0,0,0,0,0,0,0,0,0.000000000,0.000000000,0.000000000,0.000000000,0,0,0,0,0,0,0,0,0,0,0,0,0,0
124,6.942852,2,1,3,2,35568,-12946,1713,-905,9853,-0.790161133,0.104553223,-0.055236816,0.601379395,0,67,0,2,110,205,177,6,119,252,125,38,138,240
124,6.942852,3,0,0,0,0,0,0,0,0,0.000000000,0.000000000,0.000000000,0.000000000,0,0,0,0,0,0,0,0,0,0,0,0,0,0
124,6.942852,4,0,0,0,0,0,0,0,0,0.000000000,0.000000000,0.000000000,0.000000000,0,0,0,0,0,0,0,0,0,0,0,0,0,0
125,6.990864,1,0,0,0,0,0,0,0,0,0.000000000,0.000000000,0.000000000,0.000000000,0,0,0,0,0,0,0,0,0,0,0,0,0,0
125,6.990864,2,1,3,1,43804,-12945,1713,-905,9854,-0.790100098,0.104553223,-0.055236816,0.601440430,0,67,0,1,111,205,177,6,119,252,126,38,171,28
125,6.990864,3,0,0,0,0,0,0,0,0,0.000000000,0.000000000,0.000000000,0.000000000,0,0,0,0,0,0,0,0,0,0,0,0,0,0
125,6.990864,4,0,0,0,0,0,0,0,0,0.000000000,0.000000000,0.000000000,0.000000000,0,0,0,0,0,0,0,0,0,0,0,0,0,0
126,7.038852,1,0,0,0,0,0,0,0,0,0.000000000,0.000000000,0.000000000,0.000000000,0,0,0,0,0,0,0,0,0,0,0,0,0,0
126,7.038852,2,1,3,3,47065,-12945,1713,-905,9854,-0.790100098,0.104553223,-0.055236816,0.601440430,0,67,0,3,111,205,177,6,119,252,126,38,183,217
126,7.038852,3,0,0,0,0,0,0,0,0,0.000000000,0.000000000,0.000000000,0.000000000,0,0,0,0,0,0,0,0,0,0,0,0,0,0
126,7.038852,4,0,0,0,0,0,0,0,0,0.000000000,0.000000000,0.000000000,0.000000000,0,0,0,0,0,0,0,0,0,0,0,0,0,0
127,7.086836,1,0,0,0,0,0,0,0,0,0.000000000,0.000000000,0.000000000,0.000000000,0,0,0,0,0,0,0,0,0,0,0,0,0,0
127,7.086836,2,1,3,1,25844,-12945,1713,-906,9855,-0.790100098,0.104553223,-0.055297852,0.601501465,0,67,0,1,111,205,177,6,118,252,127,38,100,244
127,7.086836,3,0,0,0,0,0,0,0,0,0.000000000,0.000000000,0.000000000,0.000000000,0,0,0,0,0,0,0,0,0,0,0,0,0,0
127,7.086836,4,0,0,0,0,0,0,0,0,0.000000000,0.000000000,0.000000000,0.000000000,0,0,0,0,0,0,0,0,0,0,0,0,0,0
128,7.134819,1,0,0,0,0,0,0,0,0,0.000000000,0.000000000,0.000000000,0.000000000,0,0,0,0,0,0,0,0,0,0,0,0,0,0
128,7.134819,2,1,3,1,4526,-12944,1713,-906,9855,-0.790039062,0.104553223,-0.055297852,0.601501465,0,67,0,1,112,205,177,6,118,252,127,38,17,174
128,7.134819,3,0,0,0,0,0,0,0,0,0.000000000,0.000000000,0.000000000,0.000000000,0,0,0,0,0,0,0,0,0,0,0,0,0,0
128,7.134819,4,0,0,0,0,0,0,0,0,0.000000000,0.000000000,0.000000000,0.000000000,0,0,0,0,0,0,0,0,0,0,0,0,0,0
129,7.182823,1,0,0,0,0,0,0,0,0,0.000000000,0.000000000,0.000000000,0.000000000,0,0,0,0,0,0,0,0,0,0,0,0,0,0
129,7.182823,2,1,3,2,40379,-12944,1713,-906,9855,-0.790039062,0.104553223,-0.055297852,0.601501465,0,67,0,2,112,205,177,6,118,252,127,38,157,187
129,7.182823,3,0,0,0,0,0,0,0,0,0.000000000,0.000000000,0.000000000,0.000000000,0,0,0,0,0,0,0,0,0,0,0,0,0,0
129,7.182823,4,0,0,0,0,0,0,0,0,0.000000000,0.000000000,0.000000000,0.000000000,0,0,0,0,0,0,0,0,0,0,0,0,0,0
130,7.230814,1,0,0,0,0,0,0,0,0,0.000000000,0.000000000,0.000000000,0.000000000,0,0,0,0,0,0,0,0,0,0,0,0,0,0
130,7.230814,2,1,3,3,3435,-12944,1713,-906,9855,-0.790039062,0.104553223,-0.055297852,0.601501465,0,67,0,3,112,205,177,6,118,252,127,38,13,107
130,7.230814,3,0,0,0,0,0,0,0,0,0.000000000,0.000000000,0.000000000,0.000000000,0,0,0,0,0,0,0,0,0,0,0,0,0,0
130,7.230814,4,0,0,0,0,0,0,0,0,0.000000000,0.000000000,0.000000000,0.000000000,0,0,0,0,0,0,0,0,0,0,0,0,0,0
131,7.278837,1,0,0,0,0,0,0,0,0,0.000000000,0.000000000,0.000000000,0.000000000,0,0,0,0,0,0,0,0,0,0,0,0,0,0
131,7.278837,2,1,3,2,59617,-12945,1713,-906,9855,-0.790100098,0.104553223,-0.055297852,0.601501465,0,67,0,2,111,205,177,6,118,252,127,38,232,225
131,7.278837,3,0,0,0,0,0,0,0,0,0.000000000,0.000000000,0.000000000,0.000000000,0,0,0,0,0,0,0,0,0,0,0,0,0,0
131,7.278837,4,0,0,0,0,0,0,0,0,0.000000000,0.000000000,0.000000000,0.000000000,0,0,0,0,0,0,0,0,0,0,0,0,0,0
132,7.326813,1,0,0,0,0,0,0,0,0,0.000000000,0.000000000,0.000000000,0.000000000,0,0,0,0,0,0,0,0,0,0,0,0,0,0
132,7.326813,2,1,3,2,9993,-12945,1713,-905,9854,-0.790100098,0.104553223,-0.055236816,0.601440430,0,67,0,2,111,205,177,6,119,252,126,38,39,9
132,7.326813,3,0,0,0,0,0,0,0,0,0.000000000,0.000000000,0.000000000,0.000000000,0,0,0,0,0,0,0,0,0,0,0,0,0,0
132,7.326813,4,0,0,0,0,0,0,0,0,0.000000000,0.000000000,0.000000000,0.000000000,0,0,0,0,0,0,0,0,0,0,0,0,0,0
133,7.374834,1,0,0,0,0,0,0,0,0,0.000000000,0.000000000,0.000000000,0.000000000,0,0,0,0,0,0,0,0,0,0,0,0,0,0
133,7.374834,2,1,3,3,47065,-12945,1713,-905,9854,-0.790100098,0.104553223,-0.055236816,0.601440430,0,67,0,3,111,205,177,6,119,252,126,38,183,217
133,7.374834,3,0,0,0,0,0,0,0,0,0.000000000,0.000000000,0.000000000,0.000000000,0,0,0,0,0,0,0,0,0,0,0,0,0,0
133,7.374834,4,0,0,0,0,0,0,0,0,0.000000000,0.000000000,0.000000000,0.000000000,0,0,0,0,0,0,0,0,0,0,0,0,0,0
134,7.422815,1,0,0,0,0,0,0,0,0,0.000000000,0.000000000,0.000000000,0.000000000,0,0,0,0,0,0,0,0,0,0,0,0,0,0
134,7.422815,2,1,3,3,36177,-12945,1714,-904,9854,-0.790100098,0.104614258,-0.055175781,0.601440430,0,67,0,3,111,205,178,6,120,252,126,38,141,81
134,7.422815,3,0,0,0,0,0,0,0,0,0.000000000,0.000000000,0.000000000,0.000000000,0,0,0,0,0,0,0,0,0,0,0,0,0,0
134,7.422815,4,0,0,0,0,0,0,0,0,0.000000000,0.000000000,0.000000000,0.000000000,0,0,0,0,0,0,0,0,0,0,0,0,0,0
135,7.470919,1,0,0,0,0,0,0,0,0,0.000000000,0.000000000,0.000000000,0.000000000,0,0,0,0,0,0,0,0,0,0,0,0,0,0
135,7.470919,2,1,3,3,51236,-12945,1714,-905,9854,-0.790100098,0.104614258,-0.055236816,0.601440430,0,67,0,3,111,205,178,6,119,252,126,38,200,36
135,7.470919,3,0,0,0,0,0,0,0,0,0.000000000,0.000000000,0.000000000,0.000000000,0,0,0,0,0,0,0,0,0,0,0,0,0,0
135,7.470919,4,0,0,0,0,0,0,0,0,0.000000000,0.000000000,0.000000000,0.000000000,0,0,0,0,0,0,0,0,0,0,0,0,0,0
136,7.518843,1,0,0,0,0,0,0,0,0,0.000000000,0.000000000,0.000000000,0.000000000,0,0,0,0,0,0,0,0,0,0,0,0,0,0
136,7.518843,2,1,3,2,22772,-12945,1714,-905,9854,-0.790100098,0.104614258,-0.055236816,0.601440430,0,67,0,2,111,205,178,6,119,252,126,38,88,244
136,7.518843,3,0,0,0,0,0,0,0,0,0.000000000,0.000000000,0.000000000,0.000000000,0,0,0,0,0,0,0,0,0,0,0,0,0,0
136,7.518843,4,0,0,0,0,0,0,0,0,0.000000000,0.000000000,0.000000000,0.000000000,0,0,0,0,0,0,0,0,0,0,0,0,0,0
137,7.566804,1,0,0,0,0,0,0,0,0,0.000000000,0.000000000,0.000000000,0.000000000,0,0,0,0,0,0,0,0,0,0,0,0,0,0
137,7.566804,2,1,3,2,22772,-12945,1714,-905,9854,-0.790100098,0.104614258,-0.055236816,0.601440430,0,67,0,2,111,205,178,6,119,252,126,38,88,244
137,7.566804,3,0,0,0,0,0,0,0,0,0.000000000,0.000000000,0.000000000,0.000000000,0,0,0,0,0,0,0,0,0,0,0,0,0,0
137,7.566804,4,0,0,0,0,0,0,0,0,0.000000000,0.000000000,0.000000000,0.000000000,0,0,0,0,0,0,0,0,0,0,0,0,0,0
138,7.614807,1,0,0,0,0,0,0,0,0,0.000000000,0.000000000,0.000000000,0.000000000,0,0,0,0,0,0,0,0,0,0,0,0,0,0
138,7.614807,2,1,3,2,9993,-12945,1713,-905,9854,-0.790100098,0.104553223,-0.055236816,0.601440430,0,67,0,2,111,205,177,6,119,252,126,38,39,9
138,7.614807,3,0,0,0,0,0,0,0,0,0.000000000,0.000000000,0.000000000,0.000000000,0,0,0,0,0,0,0,0,0,0,0,0,0,0
138,7.614807,4,0,0,0,0,0,0,0,0,0.000000000,0.000000000,0.000000000,0.000000000,0,0,0,0,0,0,0,0,0,0,0,0,0,0
139,7.662792,1,0,0,0,0,0,0,0,0,0.000000000,0.000000000,0.000000000,0.000000000,0,0,0,0,0,0,0,0,0,0,0,0,0,0
139,7.662792,2,1,3,2,9993,-12945,1713,-905,9854,-0.790100098,0.104553223,-0.055236816,0.601440430,0,67,0,2,111,205,177,6,119,252,126,38,39,9
139,7.662792,3,0,0,0,0,0,0,0,0,0.000000000,0.000000000,0.000000000,0.000000000,0,0,0,0,0,0,0,0,0,0,0,0,0,0
139,7.662792,4,0,0,0,0,0,0,0,0,0.000000000,0.000000000,0.000000000,0.000000000,0,0,0,0,0,0,0,0,0,0,0,0,0,0
140,7.710794,1,0,0,0,0,0,0,0,0,0.000000000,0.000000000,0.000000000,0.000000000,0,0,0,0,0,0,0,0,0,0,0,0,0,0
140,7.710794,2,1,3,2,43773,-12946,1713,-905,9854,-0.790161133,0.104553223,-0.055236816,0.601440430,0,67,0,2,110,205,177,6,119,252,126,38,170,253
140,7.710794,3,0,0,0,0,0,0,0,0,0.000000000,0.000000000,0.000000000,0.000000000,0,0,0,0,0,0,0,0,0,0,0,0,0,0
140,7.710794,4,0,0,0,0,0,0,0,0,0.000000000,0.000000000,0.000000000,0.000000000,0,0,0,0,0,0,0,0,0,0,0,0,0,0
141,7.758797,1,0,0,0,0,0,0,0,0,0.000000000,0.000000000,0.000000000,0.000000000,0,0,0,0,0,0,0,0,0,0,0,0,0,0
141,7.758797,2,1,3,2,43773,-12946,1713,-905,9854,-0.790161133,0.104553223,-0.055236816,0.601440430,0,67,0,2,110,205,177,6,119,252,126,38,170,253
141,7.758797,3,0,0,0,0,0,0,0,0,0.000000000,0.000000000,0.000000000,0.000000000,0,0,0,0,0,0,0,0,0,0,0,0,0,0
141,7.758797,4,0,0,0,0,0,0,0,0,0.000000000,0.000000000,0.000000000,0.000000000,0,0,0,0,0,0,0,0,0,0,0,0,0,0
142,7.806794,1,0,0,0,0,0,0,0,0,0.000000000,0.000000000,0.000000000,0.000000000,0,0,0,0,0,0,0,0,0,0,0,0,0,0
142,7.806794,2,1,3,2,43773,-12946,1713,-905,9854,-0.790161133,0.104553223,-0.055236816,0.601440430,0,67,0,2,110,205,177,6,119,252,126,38,170,253
142,7.806794,3,0,0,0,0,0,0,0,0,0.000000000,0.000000000,0.000000000,0.000000000,0,0,0,0,0,0,0,0,0,0,0,0,0,0
142,7.806794,4,0,0,0,0,0,0,0,0,0.000000000,0.000000000,0.000000000,0.000000000,0,0,0,0,0,0,0,0,0,0,0,0,0,0
143,7.854784,1,0,0,0,0,0,0,0,0,0.000000000,0.000000000,0.000000000,0.000000000,0,0,0,0,0,0,0,0,0,0,0,0,0,0
143,7.854784,2,1,3,1,9960,-12946,1713,-905,9854,-0.790161133,0.104553223,-0.055236816,0.601440430,0,67,0,1,110,205,177,6,119,252,126,38,38,232
143,7.854784,3,0,0,0,0,0,0,0,0,0.000000000,0.000000000,0.000000000,0.000000000,0,0,0,0,0,0,0,0,0,0,0,0,0,0
143,7.854784,4,0,0,0,0,0,0,0,0,0.000000000,0.000000000,0.000000000,0.000000000,0,0,0,0,0,0,0,0,0,0,0,0,0,0
144,7.902794,1,0,0,0,0,0,0,0,0,0.000000000,0.000000000,0.000000000,0.000000000,0,0,0,0,0,0,0,0,0,0,0,0,0,0
144,7.902794,2,1,3,2,43773,-12946,1713,-905,9854,-0.790161133,0.104553223,-0.055236816,0.601440430,0,67,0,2,110,205,177,6,119,252,126,38,170,253
144,7.902794,3,0,0,0,0,0,0,0,0,0.000000000,0.000000000,0.000000000,0.000000000,0,0,0,0,0,0,0,0,0,0,0,0,0,0
144,7.902794,4,0,0,0,0,0,0,0,0,0.000000000,0.000000000,0.000000000,0.000000000,0,0,0,0,0,0,0,0,0,0,0,0,0,0
145,7.950788,1,0,0,0,0,0,0,0,0,0.000000000,0.000000000,0.000000000,0.000000000,0,0,0,0,0,0,0,0,0,0,0,0,0,0
145,7.950788,2,1,3,3,14893,-12946,1713,-905,9854,-0.790161133,0.104553223,-0.055236816,0.601440430,0,67,0,3,110,205,177,6,119,252,126,38,58,45
145,7.950788,3,0,0,0,0,0,0,0,0,0.000000000,0.000000000,0.000000000,0.000000000,0,0,0,0,0,0,0,0,0,0,0,0,0,0
145,7.950788,4,0,0,0,0,0,0,0,0,0.000000000,0.000000000,0.000000000,0.000000000,0,0,0,0,0,0,0,0,0,0,0,0,0,0
146,7.998762,1,0,0,0,0,0,0,0,0,0.000000000,0.000000000,0.000000000,0.000000000,0,0,0,0,0,0,0,0,0,0,0,0,0,0
146,7.998762,2,1,3,3,14893,-12946,1713,-905,9854,-0.790161133,0.104553223,-0.055236816,0.601440430,0,67,0,3,110,205,177,6,119,252,126,38,58,45
146,7.998762,3,0,0,0,0,0,0,0,0,0.000000000,0.000000000,0.000000000,0.000000000,0,0,0,0,0,0,0,0,0,0,0,0,0,0
146,7.998762,4,0,0,0,0,0,0,0,0,0.000000000,0.000000000,0.000000000,0.000000000,0,0,0,0,0,0,0,0,0,0,0,0,0,0
147,8.046830,1,0,0,0,0,0,0,0,0,0.000000000,0.000000000,0.000000000,0.000000000,0,0,0,0,0,0,0,0,0,0,0,0,0,0
147,8.046830,2,1,3,3,14893,-12946,1713,-905,9854,-0.790161133,0.104553223,-0.055236816,0.601440430,0,67,0,3,110,205,177,6,119,252,126,38,58,45
147,8.046830,3,0,0,0,0,0,0,0,0,0.000000000,0.000000000,0.000000000,0.000000000,0,0,0,0,0,0,0,0,0,0,0,0,0,0
147,8.046830,4,0,0,0,0,0,0,0,0,0.000000000,0.000000000,0.000000000,0.000000000,0,0,0,0,0,0,0,0,0,0,0,0,0,0
148,8.094802,1,0,0,0,0,0,0,0,0,0.000000000,0.000000000,0.000000000,0.000000000,0,0,0,0,0,0,0,0,0,0,0,0,0,0
148,8.094802,2,1,3,2,43773,-12946,1713,-905,9854,-0.790161133,0.104553223,-0.055236816,0.601440430,0,67,0,2,110,205,177,6,119,252,126,38,170,253
148,8.094802,3,0,0,0,0,0,0,0,0,0.000000000,0.000000000,0.000000000,0.000000000,0,0,0,0,0,0,0,0,0,0,0,0,0,0
148,8.094802,4,0,0,0,0,0,0,0,0,0.000000000,0.000000000,0.000000000,0.000000000,0,0,0,0,0,0,0,0,0,0,0,0,0,0
149,8.142772,1,0,0,0,0,0,0,0,0,0.000000000,0.000000000,0.000000000,0.000000000,0,0,0,0,0,0,0,0,0,0,0,0,0,0
149,8.142772,2,1,3,2,35568,-12946,1713,-905,9853,-0.790161133,0.104553223,-0.055236816,0.601379395,0,67,0,2,110,205,177,6,119,252,125,38,138,240
149,8.142772,3,0,0,0,0,0,0,0,0,0.000000000,0.000000000,0.000000000,0.000000000,0,0,0,0,0,0,0,0,0,0,0,0,0,0
149,8.142772,4,0,0,0,0,0,0,0,0,0.000000000,0.000000000,0.000000000,0.000000000,0,0,0,0,0,0,0,0,0,0,0,0,0,0
150,8.190771,1,0,0,0,0,0,0,0,0,0.000000000,0.000000000,0.000000000,0.000000000,0,0,0,0,0,0,0,0,0,0,0,0,0,0
150,8.190771,2,1,3,2,35568,-12946,1713,-905,9853,-0.790161133,0.104553223,-0.055236816,0.601379395,0,67,0,2,110,205,177,6,119,252,125,38,138,240
150,8.190771,3,0,0,0,0,0,0,0,0,0.000000000,0.000000000,0.000000000,0.000000000,0,0,0,0,0,0,0,0,0,0,0,0,0,0
150,8.190771,4,0,0,0,0,0,0,0,0,0.000000000,0.000000000,0.000000000,0.000000000,0,0,0,0,0,0,0,0,0,0,0,0,0,0
151,8.238775,1,0,0,0,0,0,0,0,0,0.000000000,0.000000000,0.000000000,0.000000000,0,0,0,0,0,0,0,0,0,0,0,0,0,0
151,8.238775,2,1,3,4,44991,-12946,1713,-905,9853,-0.790161133,0.104553223,-0.055236816,0.601379395,0,67,0,4,110,205,177,6,119,252,125,38,175,191
151,8.238775,3,0,0,0,0,0,0,0,0,0.000000000,0.000000000,0.000000000,0.000000000,0,0,0,0,0,0,0,0,0,0,0,0,0,0
151,8.238775,4,0,0,0,0,0,0,0,0,0.000000000,0.000000000,0.000000000,0.000000000,0,0,0,0,0,0,0,0,0,0,0,0,0,0
152,8.286775,1,0,0,0,0,0,0,0,0,0.000000000,0.000000000,0.000000000,0.000000000,0,0,0,0,0,0,0,0,0,0,0,0,0,0
152,8.286775,2,1,3,2,7376,-12958,1625,-838,9858,-0.790893555,0.099182129,-0.051147461,0.601684570,0,67,0,2,98,205,89,6,186,252,130,38,28,208
152,8.286775,3,0,0,0,0,0,0,0,0,0.000000000,0.000000000,0.000000000,0.000000000,0,0,0,0,0,0,0,0,0,0,0,0,0,0
152,8.286775,4,0,0,0,0,0,0,0,0,0.000000000,0.000000000,0.000000000,0.000000000,0,0,0,0,0,0,0,0,0,0,0,0,0,0
153,8.334767,1,0,0,0,0,0,0,0,0,0.000000000,0.000000000,0.000000000,0.000000000,0,0,0,0,0,0,0,0,0,0,0,0,0,0
153,8.334767,2,1,3,3,40000,-12940,1765,-945,9848,-0.789794922,0.107727051,-0.057678223,0.601074219,0,67,0,3,116,205,229,6,79,252,120,38,156,64
153,8.334767,3,0,0,0,0,0,0,0,0,0.000000000,0.000000000,0.000000000,0.000000000,0,0,0,0,0,0,0,0,0,0,0,0,0,0
153,8.334767,4,0,0,0,0,0,0,0,0,0.000000000,0.000000000,0.000000000,0.000000000,0,0,0,0,0,0,0,0,0,0,0,0,0,0
154,8.398779,1,0,0,0,0,0,0,0,0,0.000000000,0.000000000,0.000000000,0.000000000,0,0,0,0,0,0,0,0,0,0,0,0,0,0
154,8.398779,2,1,3,3,40000,-12940,1765,-945,9848,-0.789794922,0.107727051,-0.057678223,0.601074219,0,67,0,3,116,205,229,6,79,252,120,38,156,64
154,8.398779,3,0,0,0,0,0,0,0,0,0.000000000,0.000000000,0.000000000,0.000000000,0,0,0,0,0,0,0,0,0,0,0,0,0,0
154,8.398779,4,0,0,0,0,0,0,0,0,0.000000000,0.000000000,0.000000000,0.000000000,0,0,0,0,0,0,0,0,0,0,0,0,0,0
155,8.446817,1,0,0,0,0,0,0,0,0,0.000000000,0.000000000,0.000000000,0.000000000,0,0,0,0,0,0,0,0,0,0,0,0,0,0
155,8.446817,2,1,3,2,21937,-12939,1765,-945,9850,-0.789733887,0.107727051,-0.057678223,0.601196289,0,67,0,2,117,205,229,6,79,252,122,38,85,177
155,8.446817,3,0,0,0,0,0,0,0,0,0.000000000,0.000000000,0.000000000,0.000000000,0,0,0,0,0,0,0,0,0,0,0,0,0,0
155,8.446817,4,0,0,0,0,0,0,0,0,0.000000000,0.000000000,0.000000000,0.000000000,0,0,0,0,0,0,0,0,0,0,0,0,0,0
156,8.510794,1,0,0,0,0,0,0,0,0,0.000000000,0.000000000,0.000000000,0.000000000,0,0,0,0,0,0,0,0,0,0,0,0,0,0
156,8.510794,2,1,3,2,21937,-12939,1765,-945,9850,-0.789733887,0.107727051,-0.057678223,0.601196289,0,67,0,2,117,205,229,6,79,252,122,38,85,177
156,8.510794,3,0,0,0,0,0,0,0,0,0.000000000,0.000000000,0.000000000,0.000000000,0,0,0,0,0,0,0,0,0,0,0,0,0,0
156,8.510794,4,0,0,0,0,0,0,0,0,0.000000000,0.000000000,0.000000000,0.000000000,0,0,0,0,0,0,0,0,0,0,0,0,0,0
157,8.574784,1,0,0,0,0,0,0,0,0,0.000000000,0.000000000,0.000000000,0.000000000,0,0,0,0,0,0,0,0,0,0,0,0,0,0
157,8.574784,2,1,3,1,55716,-12939,1765,-945,9850,-0.789733887,0.107727051,-0.057678223,0.601196289,0,67,0,1,117,205,229,6,79,252,122,38,217,164
157,8.574784,3,0,0,0,0,0,0,0,0,0.000000000,0.000000000,0.000000000,0.000000000,0,0,0,0,0,0,0,0,0,0,0,0,0,0
157,8.574784,4,0,0,0,0,0,0,0,0,0.000000000,0.000000000,0.000000000,0.000000000,0,0,0,0,0,0,0,0,0,0,0,0,0,0
158,8.718746,1,0,0,0,0,0,0,0,0,0.000000000,0.000000000,0.000000000,0.000000000,0,0,0,0,0,0,0,0,0,0,0,0,0,0
158,8.718746,2,1,3,2,21937,-12939,1765,-945,9850,-0.789733887,0.107727051,-0.057678223,0.601196289,0,67,0,2,117,205,229,6,79,252,122,38,85,177
158,8.718746,3,0,0,0,0,0,0,0,0,0.000000000,0.000000000,0.000000000,0.000000000,0,0,0,0,0,0,0,0,0,0,0,0,0,0
158,8.718746,4,0,0,0,0,0,0,0,0,0.000000000,0.000000000,0.000000000,0.000000000,0,0,0,0,0,0,0,0,0,0,0,0,0,0
